9788970673844	생명을 살리는 최강의 면역력 식탁	우리 몸의 면역력을 지키고 높이는 일은 하면 좋은 게 아닌, 필수적으로 지키고 보호해야할 일이 되었다. 면역력은 곧 생명과 연결되기 때문이다. 면역력이 강해지면 건강에 좋을 뿐만 아니라 노화가 방지되어 활력이 생기고, 장이 깨끗해지며 암과 바이러스에 강한 체질이 된다. 면역력을 강화하기 위해선 어떻게 해야 할까? 이 책 「생명을 살리는 최강의 면역력 식탁」에서는 우리가 늘 먹는 음식에서 해결책을 찾는다. 식재료의 영양소를 제대로 알고 조화롭고 균형 있게 요리하여 면역력을 높이는 최강의 레시피 103가지를 소개한다.  우리가 늘 먹는 식재료에는 자연이 담겨져 있고, 그 안에 모든 병을 예방할 수 있는 영양소들이 있다. 한 가지 식품이 어떤 병을 치료하는 약이 될 수는 없지만 책에 소개된 레시피들과 함께 올바르게 지속되는 식생활은 면역력을 키우는데 가장 좋은 근본적인 약이 될 수 있다.  우리 몸의 면역력을 높이는 기본은 우리가 매일 먹는 음식으로부터 시작된다. 최강의 면역력 레시피는 외부 바이러스로부터 우리의 생명을 살리는 푸드 백신이다. 책의 목차 구성이 매우 알차다. 「감기 바이러스에 강한 체질로 만드는 면역력 레시피」 「노화를 방지하여 활력을 주는 면역력 레시피」 「장을 깨끗하고 건강하게 만드는 면역력 레시피」 「발암 물질을 해독하는 면역력 레시피」 「일상의 식탁에서 면역력을 높이는 레시피」 등 일상의 식탁에서 늘 먹는 쉬운 식재료로 만든 음식들을 섭취할 수 있도록 돕는다. 오늘, 우리 집 식탁 위에 면역력 레시피를 올려보자.
9791156161813	자연으로 차린 사계절 저장식	기본 피클, 장아찌부터 해물·달걀장, 병조림까지 사계절의 맛을 담은 홈메이드 저장식 60가지  제철 재료를 더 오래, 더 맛있게 즐길 수 있는 방법은? 바로 재료를 다양한 맛으로 절이는 저장식이다. 신선한 제철 재료를 준비해 절임물만 부으면 완성돼 요리 초보자도 쉽게 만들 수 있다. 〈자연으로 차린 사계절 저장식〉은 맛있고 건강한 홈메이드 저장식을 알려주는 레시피 북이다. 피클, 장아찌, 해물장, 병조림 60가지를 한 권에 담아 밑반찬은 물론 한 그릇 요리, 술안주, 간식 등 다양하게 활용할 수 있도록 구성했다. 오이 피클, 마늘 장아찌 같은 기본적인 피클, 장아찌은 물론 아보카도장이나 낙지장 등 요즘 인기 있는 레시피까지 빼놓지 않고 수록해 삼시세끼 걱정하는 주부, 바쁜 직장인이나 맞벌이 부부에게 요긴하다. 이 책의 가장 큰 특징은 ‘맛’이다. 전통적인 레시피를 재구성해 짠맛은 줄이고 재료 고유의 감칠맛과 향을 살렸다. 소금과 식초 양을 줄였기 때문에 몸에 좋고 맛이 순해서 모든 요리에 두루 잘 어울린다. 입맛 돋우는 곁들이 음식으로도 내도 좋고 샐러드로 가볍게 즐겨도 좋다. 샌드위치나 주먹밥의 속재료로 넣으면 도시락 싸기 편하다. 와인 플래터나 디저트, 베이킹 재료로도 활용할 수 있다. 모든 레시피를 적은 양으로 구성한 것도 이 책만의 특징이다. 책 속 분량으로 만들면 1~2인 가정에서도 음식 남길 걱정이 없다. 양을 늘리고 싶다면 원하는 만큼 곱해 준비하면 된다. 또한 재료 손질부터 조리 팁, 저장식 용기, 소독법, 오래 보관하는 방법까지 꼼꼼하고 친절하게 설명했다. 그대로 따라 하기만 하면 초보자도 실패 없이 맛있는 저장식을 만들 수 있다. 제철 재료를 특별하게 즐기고 싶거나, 매일 바쁜 시간 쪼개 반찬 걱정하고 있다면 이 책과 함께 홈메이드 저장식을 만들어보자. 맛은 물론 영양, 활용도까지 챙길 수 있어 식탁이 풍요로워진다.
9791158463281	하루 한 가지 채소요리	20년 가까이 건강 채소요리 연구에 열정을 쏟아온 이양지 요리연구가가 자신만의 채소 레시피를 책으로 공개한다. 제철 채소로 만들기 좋은 총 85가지의 요리를 소개했으며, 최소한의 재료, 단순한 조리법을 원칙으로 하고 있어 따라 하기 쉬울 뿐 아니라 채소 본연의 맛과 영양, 에너지를 오롯이 만끽할 수 있다. 제목 그대로 하루 한 가지씩 만들다 보면 날마다 건강해지는 요리들이다. 국내에 최초로 마크로비오틱을 선보인 장본인이기도 한 저자는 이번 책을 통해 정통 방식을 고집하는 대신 누구나 친근하게 밥상에 올릴 수 있는 맛있고 건강한 일상식으로서의 마크로비오틱을 제안한다. 요즘 눈높이와 입맛에 딱 맞는 레시피라서 마크로비오틱 입문자는 물론 평범한 주부, 다이어터 등 더 폭넓은 독자들로부터 관심과 호응을 얻을 것으로 기대된다. 이번 책의 또 한 가지 장점은 생생한 동영상으로도 만나볼 수 있다는 것이다. 저자는 지난 1년간 네이버 푸드판에‘한 가지 채소요리’를 연재해 네티즌들의 꾸준한 사랑을 받아왔으며, 책에는 푸드판에서 주목받았던 요리는 물론 미공개 알짜 레시피까지 모두 실려있다.
9791197022005	진주의 HAPPY 키토 키친 (양장)	키토제닉(저탄고지) 식단은 먹을 것이 없다? 삼겹살만 먹으니 지겹다? 대한민국 키토제닉 요리 최강자, 진주의 살 빠지고 건강해지는 행복한 다이어트 레시피! 평소에 먹던 한국식 밥상이 키토제닉 식단으로 변신하는 요술 같은 비법으로 건강 UP! 체중 감량 OK! 염증 OUT!
9791156161820	면역력 키워주는 우리 가족 건강식	요즘 건강의 키워드는 단연 면역력. 전 세계를 휩쓸고 지나간 사스, 메르스, 코로나 19 등의 질환은 면역력이 떨어졌을 때 걸리기 쉽다. 면역력이 떨어지면 기운이 없고 무기력해질 뿐 아니라 질병에 걸리기도 쉽다. 면역력을 높이기 위한 가장 좋은 방법은 평소의 식사에 있다. 음식으로 면역기능을 높여놓으면 기초체력이 높아지고 활력이 생기며 병에 잘 안 걸리는 체질로 된다. 이 책에는 음식으로 건강을 지키는 비법이 담겨있다. 집에서 쉽게 만들어 먹을 수 있으면서도 기력을 보충하고 면역력을 길러주는 음식들이다. 원기회복에 좋은 전통 건강식, 평소 밥상에서 건강을 챙길 수 있는 간단 건강식, 성인병을 예방하는 저염·저칼로리 건강식, 면역력을 길러주는 약선 차·죽까지 몸에 좋은 레시피로 가득하다. 또 내 몸에 약이 되는 건강 보양 식재와 약재, 효능을 높이는 건강식 조리 비법, 사계절 제철 건강식도 담았다.
9788978132008	약초 & 채소 장아찌 만들기	이 책은 누구나 무작정 따라 할 수 있는, 보약이 되는 '사계절 보약 장아찌 만들기'로 초절임 장아찌부터 간장 장아찌는 물론 고추장 장아찌까지 한 번에 정복할 수 있는 약초 장아찌의 신세를 맛볼 수 있게 했다. 또한, 각각의 재료가 가지고 있는 치료의 효능을 일일이 모두 설명해 놓았으므로 효능에 맞게 약초로 장아찌를 만들어 반찬으로 먹으면 건강도 챙길 수 있으므로 일석이조의 효과를 볼 수 있다.
9791185473581	이유식 끝나자마자 시작하는 15~50개월 기본 유아식	유아식은 식습관, 성장의 기초를 다지는 중요한 시간 유아식을 시작하는 분들 중 대다수가 말합니다. “유아식은 어른 요리에 간만 좀 줄이고, 안 맵게 하면 되는 거 아닌가요?” 물론 그렇게 할 수도 있겠지요. 하지만 아기가 태어나 처음 접하는 이유식이 음식과 천천히 친해지는 과정이었다면, 이유식 끝나자마자 이어지는 유아식은 아이의 건강한 식습관은 물론 성장의 기초를 탄탄하게 다져주는 아주 중요한 요소이기 때문에 더욱더 세심하게 신경을 써주어야 해요.  이토록 중요한 유아식, 무엇을 집중해야 좋을까요? 탄수화물, 단백질, 지방, 비타민, 미네랄 5가지 대표 영양소가 골고루 들어가고, 다양한 식재료와 맛을 탐색할 수 있도록 해줘야 합니다. 무엇보다 ‘기본’에 충실해야 한다는 것이지요. 하지만, 애 키우랴, 회사 다니랴 바쁜 와중에 영양까지 생각하며 유아식을 준비한다는 게 쉽지 않지요. 게다가, 열심히 만들어준 유아식을 아이가 먹지 않는다면 이것만큼 힘 빠지는 일도 없고요. 그래서 ‘아이는 잘 먹고, 엄마는 쉽게 준비할 수 있는 유아식 전략과 맛있는 유아식 레시피’가 필요한 것입니다.  유아식 성공 전략과 아이들이 잘 먹는 다양한 유아식 레시피까지! 〈이유식 끝나자마자 시작하는 15~50개월 기본 유아식〉에는 엄마들이 쉽게 이해하고 따라 할 수 있도록 유아식 기본 유아식 전략을 3가지로 정리해 꼼꼼하게 짚어뒀습니다. 첫째, 유아기에 필요한 대표 영양소, 연령에 따른 한 끼 식사량 등 ‘영양 전략’, 둘째, 유아식 장보기 노하우, 기본양념, 식판 구성 방법과 같은 ‘식사 준비 전략’, 셋째, 유아식 단골 재료 손질법과 맛있는 육수 만들기 등의 ‘조리 전략’이 바로 그것이지요.  여기에 전략을 기본으로 한 10분이면 만드는 아침 식사, 식판을 채울 밥, 국물, 반찬, 편식 재료 숨긴 한 그릇, 주말을 위한 별식, 간식까지! 아이들이 잘 먹고 좋아하는 ‘유아식 레시피 216가지’를 풍부하게 실었답니다.  3살, 6살 두 아이의 엄마이자 영양 및 건강 요리 전문가로 살아가는 워킹맘, 저자 이지연 님. 그녀만의 유아식 기본 전략과 레시피는 두 아들을 나물도, 고기도, 과일도 편식 없이 잘 먹는 아이들로 성장시켰고, 그녀 역시 유아식 잘하는 엄마로 입소문 나게 했지요. 그 모든 노하우를 담은 책이 바로 〈이유식 끝나자마자 시작하는 15~50개월 기본 유아식〉이랍니다.  긴장되고 떨리던 이유식이 끝나고 다시 유아식의 출발선에 선, 이유식 끝나고 뭘 먹여야 할지 몰라 당황하는 엄마들에게 든든한 친구이자, 무기 같은 책이 되길 바라며! 세상의 모든 엄마를 응원합니다.
9791196512538	알랭 뒤카스의 선택, 그린 다이닝	알랭 뒤카스는 자신이 ‘정원에서 태어난 아이’라고 말하곤 합니다. 그는 어린 시절부터 가족을 도와 정원과 농작물 가꾸는 일을 꾸준히 했고, 그의 가족은 가축을 키웠으나 고기를 팔기 위해서이지 먹기 위해서는 아니었습니다. 자연스럽게 제철에 생산되는 농작물로 만든 풍미와 영양 가득한 음식을 먹고 자랐습니다. 알랭 뒤카스가 채소라는 재료의 가능성을 인정하고 신뢰하는 부분은 익히 알려져 있으며 다큐멘터리 영화 ‘알랭 뒤카스 : 위대한 여정’을 통해서도 그의 이런 견해는 엿볼 수 있답니다.  채소 요리법의 폭을 넓힌다 이 책은 특별한 재료를 소개하는 책이 아닙니다. 아이디어와 경험이 풍부한 세 명의 셰프가 새로운 방법으로 채소를 조리하여 우리가 미처 몰랐던 채소의 풍성한 맛과 영양을 이끌어 낸 것에 의미가 있습니다. 같은 채소라도 조리법에 따라 전혀 다른 맛을 선사할 수 있답니다.  낯선 채소라도 실패 없이 요리한다 책 속에는 낯선 채소가 종종 등장합니다. 향과 맛이 독특한 것, 먹는 방법을 잘 모르는 것도 만날 수 있습니다. 하지만 간단한 조리법으로 낯선 채소가 가진 제맛을 온전히 볼 수 있는 방법도 수록되어 있습니다.  채소를 이해하면 조리법이 보인다 채소가 가진 성질과 영양을 잘 알면 그만큼 맛을 온전하게 잘 끌어낼 수 있습니다. 자연스레 말리고, 뭉근히 끓이고, 식초에 우리고, 수분 없이 곱게 갈고, 어울리는 재료와 절이는 등 세 명의 셰프는 채소를 연구한 끝에 그 맛을 제대로 끌어내는 법을 알려줍니다.  영양의 균형을 맞춘 요리법 모든 요리법에는 주요한 재료의 영양소가 상세하게 소개되어 있습니다. 영양소를 잘 용출하고 맛있게 요리하여 알뜰히 섭취할 수 있는 조리법을 소개합니다.  프렌치 퀴진의 비건 디저트 프렌치 퀴진에 바탕을 둔 만큼 이 책에서 섬세하고 맛좋은 디저트는 빼놓을 수 없는 요소입니다. 채식을 추구하는 이들을 위한 완성도 높으면서도 아름답기 그지없는 디저트 레시피를 만나보세요.  익숙한 재료로 색다른 요리를 김, 미역, 다시마, 홍시, 모과처럼 친근한 재료가 전혀 다른 미식 요리로 탄생합니다. 다른 관점에서 바라본 재료의 발견, 그리고 흥미로운 맛의 세계를 이제 손수 만들어 볼 수 있습니다. 또한 낯선 식재료이지만 한국에서 구할 수 있는 비슷한 맛과 질감의 대체 재료로 얼마든지 자신만의 미식 요리를 만들어볼 수 있습니다.
9791196556686	진주의 HAPPY 키토 한식 (양장)	‘저탄고지(키토제닉) 레시피’라고 하면 흔히들 생소한 서양식 요리를 생각하게 된다. 그런데 저탄고지 다이어트의 기본은 정제당과 탄수화물을 제한하면서, 신선한 채소와 영양가 높은 양질의 지방·단백질을 골고루 섭취하는 식단이다. 우리 조상들이 먹어 왔고, 지금도 우리가 먹고 있는 한식을 보라. 제철 채소를 활용한 다양한 나물 반찬에, 굽기보다는 삶거나 국으로 끓여내는 영양 풍부한 국물 요리가 기본이다. 유산균 가득한 김치와 잘 발효한 장류 등 위와 장에 좋은 음식들도 한식만의 빼놓을 수 없는 매력이다. 밥만 다른 것으로 대체할 수 있다면 한식은 그 자체로 훌륭한 저탄고지 식단이 된다.  저탄고지 다이어트를 시작하고 싶지만 요리 그 자체가 스트레스인 사람들, 가족을 위해 한식 밥상을 차리면서 저탄고지를 하고 싶은 주부들, 스테이크 위주의 서양식 요리가 입에 맞지 않아 저탄고지를 포기하고픈 사람들에게 우리가 즐겨먹던 한식 밥상 저탄고지 다이어트를 제안한다. 굳이 서양식이 아니어도 좋다. 《진주의 해피 키토 한식》은 단순히 육류 섭취량을 늘리는 것에 국한하지 않고, ‘탄수화물 대신 좋은 식재료를 골고루 섭취한다.’는 관점에서 한식을 저탄고지 레시피로 탄생시켰다. 국, 나물, 기본반찬, 볶음, 부침개, 탕에 이르기까지 진수성찬을 차려내기에 부족함이 없는 저탄고지 한식 레시피와 요리 초보자들을 위해 장보기부터 재료 손질, 조리하기, 한상 차림에 이르기까지 저자의 모든 노하우를 아낌없이 대방출했다.
9791165210731	라미의 잘 빠진 다이어트 레시피	다이어트를 하면서 건강과 살이 빠지기 쉬운 몸, 두 마리 토끼를 다 잡을 수는 없을까? 타고난 식탐이 소아비만에서 성인비만으로 이어지며 20대 내내를 고통스런 다이어트와 강력한 요요를 반복했던 저자는, 결국 일반식에 가까운 탄단지섬(탄수화물, 단백질, 지방, 섬유질)을 똑똑하게 챙겨먹는 식단과 제대로 된 운동이 정답이라는 걸 알게 되었다. ‘10년차 영양사’의 전문 지식과 9살부터 압력밥솥에 밥을 해먹을 정도로 강한 ‘음식 사랑’을 바탕으로, 하루 세 끼 챙겨먹으며 인생 몸매 만든 ‘영양사 다이어터’의 건강한 다이어트 비결과 똑똑한 식단을 소개한다.
9791159555275	근치음식	처음 유튜브를 통해 근치음식에 대한 설명을 듣고 나서, 재작년 친정집인 타이완에 갔을 때, 상세하고 알기 쉽고 실행하기 쉬운 이 책을 구입했습니다. ?宇凡의 가르침에 따라 음 식을 조절하였는데, 놀랍게도 한 달도 되지 않아서 수십 년 동안의 고질병인 전신 신경통과 갱년기 증상이 많이 완화되었습니다. 기쁨과 감사의 마음을 이루 말로 형언할 수 없었습니 다. 음식을 근치한 지 몇 달 뒤, 모든 사람들은 내게 더 젊고 예뻐졌다고 했습니다. 환갑날 아들은 40대의 엄마는 60대처럼 보였는데, 지금은 40대처럼 보인다고 말했습니다. “최고의 의사는 자신의 몸이고, 최고의 병원은 부엌이고, 최고의 약은 음식이다”라는 중국 속담이 있습니다.  이 책의 주요 내용은 만성병을 멀리하고 노화대책을 세우는 것입니다. 자연의학에 바탕을 둔 이 책은,  1. 신체의 중요한 작동방식을 이해시켜 줍니다. 이 책의 1부에서는, 몸의 4대 천왕을 이해하면, 핵심적인 신체의 작동을 알 수 있도록 쉽 게 설명해주고 있습니다. 또한 건강관리의 요령은 몸의 소리를 잘 경청하는 것임을 작가가 강조하고 있습니다, 시시각각으로 우리를 돌봐주는 첫 번째 의사인 몸과 협력을 잘하면, 건 강관리에 자신이 생길 것입니다. 평상시 건강에 대한 근심 걱정과 불안한 마음이 줄어들 것 입니다. 2. 음식의 불균형으로 인해 만성병 및 빠른 노화증세를 초래합니다. 작가는 자연에서, 천연 음식으로, 균형적인 식사를 강조합니다. “병은 입으로 들어간다 (病?口入).”는 중국말과 같이, 사람은 잘못 먹어서 병이 납니다. 이 책의 2부에서 76가지 만성병 및 74가지 노화의 원인과 치료법을 아주 이해하기 쉽게 설명하고, 구체적인 개선방 법을 제시하고 있습니다. 지금 건강한 사람이나 이미 74가지 만성병 중 어느 병에 걸린 사람 이라도 누구나 쉽게, 바로 실천하여 개선할 수 있습니다.  3. “약보다는 잘 먹는 게 좋고, 잘 먹는 것보다는 마음 편한 게 좋다(??不如食?, 食?不如心?)”는 옛 사람들의 지혜는, 어느 시대에나 적용됩니다. 만병의 근원은 마음에 있습 니다. “풀을 베어 뿌리를 뽑지 않으면, 봄바람이 불면 다시 생긴다(?草不除根春?吹又生)” 는 중국 속담도 있습니다. 작가는 심리학자이기도 합니다. 이 책의 특징은 근치(근본적인 치 료)하는 데에 있습니다. 근치하려면, 건강관리를 해야 하는데, 몸과 마음의 균형을 유지할 것을 작가는 거듭 강조하고 있습니다. 3부에서는 일상생활에서 개개인의 건강관리에 대해 정확하게 지도해주고 있습니다.  근치음식을 통해 치료도 하고 예방도 할 수 있습니다. 나이를 먹어가는 사람에게 건강을 유지하면서 곱게 천천히 늙어가게 하는 것이 근치음식법입니다. 자신의 건강을 스스로 지킬 수 있는 간편한 방법입니다. 최근 몇 년 동안 한국은 음식이 풍요롭고 대부분의 사람들이 잘 먹고 있지만 만성병 환자의 수는 갈수록 증가하고 있습니다. 이 책의 지시에 따라 실천해보 면 여러분들도 저처럼 경이로운 효과를 볼 수 있으리라 생각합니다.  미국의 저명한 영양의료학자의 좋은 책을 한국의 독자들에게 소개할 수 있도록 협조해준 군자출판사의 장주연 사장님과 임경수 선생님 그리고 편집 작업을 해준 분들께 이 자리를 빌 어서 감사드립니다.  2020.02 劉麗雅
9791170263227	내가 키운 채소로 만드는 맛있는 한 그릇 요리	전 세계적으로 안전한 먹거리에 대한 관심이 높아지고 있습니다. 농약에 미세먼지까지, 아무리 깨끗하게 씻어도 불안한 마음이 드는 건 사실이죠. 도시 한가운데 살면서 스스로 식물을 재배한다고 하면 적어도 어느 정도의 땅이 있어야 한다고 생각하죠. 하지만 이젠 그런 생각에서 벗어나 보세요. 햇볕이 드는 창가 페트병 하나 놓을 자리만 있다면 언제나 신선한 채소를 재배해서 맛있게 요리해서 먹을 수 있습니다. 햇볕이 잘 들지 않는다면 LED 등을 이용해서 식물을 재배해보세요. 이런 추세에 맞춰 요즈음에는 가정에서 간단하게 식물을 재배할 수 있는 식물 재배기가 많이 소개되고 있습니다. 진정한 유기농 채소를 즐길 수 있는 방법이 바로 이 책에 있습니다.
9788954670760	매일 한끼 비건 집밥	쉽고 맛있는 101가지 비건 요리  건강, 환경, 신념… 채식을 하는 이유는 다양해지고 채식인은 늘고 있지만 아직 채식을 실천하기 편한 환경에 놓여 있지는 않습니다. 채식 요리를 먹을 수 있는 식당은 많지 않고 비건 식재료는 여전히 구하기가 쉽지 않지요. 집에서 먹는 음식 의존도가 높지만 알려진 요리법 또한 한정적이고요. 채식을 지속하기엔 많은 노력이 필요해보입니다. 『매일 한끼 비건 집밥』은 채식을 포기하지 않고 이어 나갈 수 있게 도와주는 요리책입니다. 채식을 하기로 마음 먹고 직접 요리를 하다 보면 곧 메뉴의 한계에 다다라서 같은 음식을 반복해서 만들게 됩니다. 이런 어려움에 부딪히지 않도록, 뭘 먹을지 고민하지 않고 즐거운 채식 생활을 할 수 있도록 다채로운 레시피를 담았습니다. 이 책은 채식, 그 중에서도 엄격한 비건 요리를 무려 101가지나 제안합니다. 채식도 실천하기 힘든데 달걀, 유제품을 먹지 않는 비건은 더 힘들지 않을까, 선입견은 갖지 마세요. 우리가 흔히 먹는 재료로 만드는 접근성 좋은 비건 요리만을 선별했으니까요. 레시피 외에도 요리를 하기 전, 식재료와 활용법 등 채식의 기본을 차근차근 짚어줘서 채식을 시작해볼까, 고민하는 초보부터 채식 고수까지도 두루 도움이 될 것입니다. 『매일 한끼 비건 집밥』을 통해 채소를 보고, 만지고, 요리하면서 식재료를 알아가는 즐거움과 함께 자연이 주는 좋은 에너지를 느껴보세요. 하루 한끼부터 천천히 시작해도 좋고 맛있는 비건식을 한번 맛본다는 생각으로 가볍게 시작해도 좋습니다. 무엇으로 시작했든 『매일 한끼 비건 집밥』이 그 시작을 지속할 수 있도록 도움을 줄 것입니다.
9788919205884	우리아이 꼭 필요한 영양간식	힘이 없고 기력이 달려서 쉽게 지치는 아이들, 튼튼한 것 같은데 환절기에는 예외 없이 감기를 달고 사는 아이들, 허약한 체질 때문인지 집중력이 약하고 산만한 아이들…. 집집마다 아이들 건강 때문에 엄마의 걱정이 끊이지 않는다.이 책에는 키 크는 데 도움을 주는 간식, 체력을 튼튼하게 하고 두뇌발달에 좋은 간식, 살찌지 않는 저칼로리간식, 편식하는 아이들을 위한 간식들이 소개되어 있다. 각 메뉴는 이 음식이 왜 성장에 좋은지 식품영양학교수가 영양학적으로 꼼꼼히 분석해 쉽게 설명해두었다. 지금부터 칼로리는 낮고, 영양은 충분히 보충할 수 있는 맛있는 간식을 만들어보자.
9788969910332	만성질환, 음식으로 치유한다	100세 시대를 사는 우리에게 건강한 식생활 관리는 가장 필요한 일이고 가장 중요한 것이다. 건강한 사람뿐만 아니라, 유병률이 높은 5대 질환인 고혈압, 당뇨병, 이상지질혈증, 뇌질환, 뼈질환을 앓고 있거나 위험군에 있는 사람들에게도 건강한 식생활은 가장 먼저 고려되어야 할 것이다. 이 책에서는 5대 질환의 핵심 포인트를 알아보고, 그에 따른 푸드 테라피에 해당하는 기본적인 설명을 하였으며, 상시 복용할 수 있는 도움이 되는 차를 소개하였다. 이러한 이론을 토대로 정상혈압 유지 음식 20가지, 인지·기억력 회복 음식 20가지, 뼈 건강 개선 음식 20가지, 건강혈당 유지 음식 20가지, 혈관건강 지킴 음식 20가지를 개발하여 소개하고 있다.
9788970674018	다이어트 키토 집밥	맛있고 쉬운 레시피로 믿고 따라 하는 요리계의 원조 블로거, 키친콤마! 그녀의 레시피는 어려운 요리도 뚝딱, 쉽고 간단한데 맛있는 게 포인트다. 빵과 맥주를 좋아하는 1인으로 오랜 시간 정제 탄수화물의 섭취가 늘어나 지속해서 축적된 체지방이 실감 나는 즈음, 키토제닉 다이어트를 접하고 요리 전문가 특유의 학구열로 자신의 키토 레시피로 개발해 식습관을 바꿔 -15kg을 감량, ’다시 스무 살’의 몸무게로 돌아가 즐겁고 맛있는 인생을 경험하고 있다.  이 책은 저자의 실제 경험과 레시피 개발 전문가로서 축적된 비결을 바탕으로 직접 개발한 다양한 저당 소스를 만드는 방법부터 일반 요리를 당분을 줄여도 맛있게 만드는 레시피 비법으로 가득하다. 책에는 포만감 있게 먹으면서 살이 빠지고 살찌지 않는 몸이 되는 저탄수화물 아침, 잠식, 저녁의 삼시 세끼를 책임져줄 90개의 〈키토 집밥 레시피〉를 담았다. 우리 몸에 필요한 비타민 등 영양소가 풍부한 채소를 많이 먹게 되고, 생선, 새우, 오징어 등의 해물류와 닭고기, 돼지고기, 소고기, 오리고기 등의 육류, 질 좋은 천연 지방인 버터와 치즈 등 최대한 자연에 가까운 음식을 섭취할 수 있도록 맛있고 다양한 키토 집밥 레시피를 소개한다. 책의 레시피대로 4주간 실천하다 보면 -5kg 이상 살이 빠지는 즐거운 경험을 할 수 있을 것이다.  그동안 알게 모르게 섭취해 온 정제 탄수화물을 제한하고 「다이어트 키토 집밥」 레시피로 ‘두 번째 스무 살!’을 맞이해 보는 건 어떨까. 내 몸에 쌓인 체지방을 태워 살은 빠지고 근육량을 채워 살 안 찌는 몸이 되는 이 책 「다이어트 키토 집밥」을 하루 삼시 세끼로 맛있게 즐겨보자.
9788986022308	애쓰지 않는 요리	요리 경력 40년, 적당하게 힘을 내려놓는 간단한 요리법을 고수했기에 긴 시간 질리지 않고 계속할 수 있었다고 말하는 요리 연구가 다나카 레이코의 ‘애쓰지 않는 요리법’. 저자가 일러주는 요리법은 정말 간단하다. 조리 법은 다섯 가지, 조리는 언제나 두 단계로 완성. 여기에 채소 자체의 깊은 맛이 돋보이는 제철 채소를 골라, 기본이 되는 질 좋은 조미료만 더하면 충분하다. 채소를 손질하고 요령 있게 사용하는 방법, 단출한 도구만으로도 충분한 이유, 찜·찜 볶음·찜 조림·소테·샐러드 등의 기본이 되면서 어디든 활용할 수 있는 조리법, 바쁜 일상에서 부담 없이 요리할 수 있도록 돕는 유용한 팁까지, 『애쓰지 않는 요리』는 요리의 기본을 단단하게 다져줄 내용으로 가득하다. 계절마다 어울리는 재료를 이용한 레시피북 『재료의 산책』을 쓴 요리 연구가 요나가 옮겼다.
9791190641432	한 그릇 일상채식	동물권에 관심이 생겨서, 식습관을 건강하게 바꾸고 싶어서, 지구 환경을 보호하기 위해서 등 다양한 이유로 채식을 실천하는 분들이 늘어나고 있습니다. 채식을 하지 않지만 주변 채식인들을 바라보면서 ‘비거니즘’이라는 움직임에 작은 관심을 품고 있는 분들도 많을 거예요. 하지만 특별한 계기가 없어 시작하기를 망설이고 있다면 〈한 그릇 일상채식〉을 펼쳐보길 바랍니다. 일상을 바꾸고 싶다는 용기에 보탬이 되어줄 거예요!이 책은 채식에 관심은 있지만 막상 시작하려니 무엇부터 변화해야 할지 모르는 ‘루키 채식인’들을 위한 요리책입니다. 채식은 결코 특별하지 않음을 보여주기 위해 채식 이전에 즐겨먹던 한 그릇 요리들을 비건식으로 개발해 담았습니다. 덮밥, 비빔밥, 볶음밥, 김밥, 주먹밥, 국수, 파스타, 우동, 떡볶이, 토스트, 샌드위치 등의 익숙한 메뉴들을 더 담백하고 신선하게 즐겨보세요. 식습관에서 나아가 생활습관도 차근차근 변화할 수 있도록 장 보기 팁, 외식하기 팁, 채식 관련 사이트·책·브랜드 등의 정보도 가득 실었습니다. 평범한 일상을 지키면서 오래도록 지속할 수 있는 ‘일상채식라이프’를 함께 시작해볼까요?
9791159556876	근치음식 : 0~18세 성장과 학습의 포인트	아이가 학교에서 공부에 전념하고, 어려운 일들을 인내력으로 이겨내려면 풍부 한 영양과 평온한 에너지가 무엇보다도 중요합니다. 아이의 건강과 학습의 포인 트는 음식에 있습니다. 소덕은 행운아였습니다. 그에게 균형 잡힌 식사와 좋은 지 방을 먹이기로 한 엄마가 있었습니다. 소덕의 사례담은 아이들을 키우는 부모들 에게는 희소식이 아닐 수 없습니다. 이 책은 갓난아이로부터 청소년들에게 아주 유용한 책입니다. 자신이 직접 상담한 0~18세 아이들의 사례를 통해 그들에게 어 떻게 먹일 것인가와 그들의 병이 음식의 불균형과 어떤 관계가 있는가에 대해 상 세히 설명하고 自然??(자연의학)에 바탕을 두어 처방까지 하고 있습니다. 아이의 몸에는 자가 치유 능력이 있습니다. 아이들은 본질적으로 약하지 않습니 다. 그러나 어른들의 연약함이 아이들의 자가 치유 능력을 믿지 못하여 몸의 작동 을 막았습니다. 아이들이 아픈 것은 연약한 것이 아니고 어떤 것이 부족한지 알려 주는 신호입니다. 아이가 잘 먹고, 잘 자고, 햇빛을 충분히 받고, 물을 충분히 마시고, 스트레스를 푸는 방법을 안다면, 아이는 병을 이겨내고 자연적으로 치유될 수 있습니다. 작가는 각각의 증상에 따른 최신 연구들을 통해 아이들의 부족한 부분들을 지원 하여, 몸이 자가 치유 능력을 작동시킬 수 있는 길을 안내하고 있습니다. 질병의 이면에 있는 원인을 밝히고 새로운 치료 경로를 안내해 주고 있습니다. 작가는 자 연에서, 천연 음식으로, 균형잡힌 식사를 할 것을 강조하고 있습니다. 사람들은 잘못 먹어서 병이 납니다. 이 책의 처방에 따라 누구나 쉽게, 바로 실천하여 개선 할 수 있습니다. ‘약보다는 잘 먹는 게 좋고, 잘 먹는 것보다는 마음 편한 게 좋다(??不如食? 食?不如心?, 약보불여식보 식보불여심보)’는 옛 사람들의 지혜는, 어느 시대에 나 적용됩니다. 만병의 근원은 마음에 있습니다. 작가는 심리학자이면서 영양의 학자입니다. 근치음식을 통해 치료도 하고 예방도 할 수 있습니다. 자신의 건강을 스스로 지킬 수 있는 간편한 방법입니다.  2021. 1 劉麗雅 宋賢鎬
9791165215088	한 달에 7kg 빠지는 다이어트 레시피	다이어트는 왜 항상 실패할까? 라는 물음에 모두 답을 알고 있습니다. 작심삼일. 매일 닭가슴살만 먹다가 결국 3일도 못 가 포기해버립니다. 헬스장은 끊어놓고 이런저런 핑계로 안 가게 됩니다. 질리지 않고 맛있게 먹으면서 빼는 다이어트. 식단만으로 7kg이 빠지는 다이어트. 35만 유튜버 욜로리아가 직접 만들고, 먹어서 뺀 다이어트 레시피 90품을 모아 소개합니다. 다이어트 레시피 관련 누적 조회수 780만 회, 현재도 매주 다이어트 레시피 영상을 업로드하며 35만 구독자들의 다이어트를 책임지고 있는 유튜버 욜로리아! 저자는 다이어트를 하면서 가장 힘들었던 식단을 본인만의 노하우로 풀어나갔습니다. 아는 맛이 가장 무섭다는 말이 있습니다. 그래서 아는 맛을 참지 못할 바에 다이어트 요리에 접목해보자 라는 생각을 하게 되었습니다. 탄수화물을 줄이는 대신 단백질을 늘리고, 몸에 좋은 지방을 선택하고, 양껏 먹기 위해 채소를 더하고, 최대한 아는 맛에 가깝게 양념을 했습니다. 질리지 않는 레시피, 맛있고 든든한 레시피가 바로 욜로리아의 저탄수화물 고단백질 다이어트 레시피입니다. 최고의 성형은 다이어트라고 하죠. 탄수화물을 줄이고 단백질과 좋은 지방으로 맛있게 먹을 수 있는 식단으로 여러분 모두 다이어트에 성공할 수 있습니다. 이 책에서는 저자가 유튜브에 올린 영상에서 큰 인기를 끌었던 레시피 90품을 메뉴별로 나눠 소개하고 있습니다. 다이어터에게 필수인 도시락 파트, 몸을 가볍게 만들어 주는 샐러드 파트, 언제 어디서나 쉽게 만들 수 있는 샌드위치 파트, 속이 든든한 다이어트 한 그릇 파트, 일반식이 먹고 싶을 때 활용하면 좋은 주말 특식 파트까지 질릴 틈 없이 다양한 다이어트 요리를 소개합니다. 또한 음식을 만드는 방법을 자세한 사진과 설명으로 알려줍니다. 레시피에 욜로리아만의 요리 팁과 다이어트 팁을 실어 독자들로 하여금 조금 더 맛있고 건강하게 조리하는 방법을 가르쳐줍니다. 책의 앞부분에는 마음을 다잡을 수 있는 다이어트 7계명과 따라서 먹으면 살이 빠지는 다이어트 2주 파워 식단, 4주 유지기 식단, 구독자들의 다이어트 궁금증을 풀어주는 Q&A, 재료 써는 법, 계량법 등을 한눈에 볼 수 있도록 꾸몄습니다. 또한 책 맨 뒤에는 본인만의 식단을 구성해볼 수 있는 식단표를 실었습니다.
9788978132046	약이 되는 꽃 먹기 2	약이 되는 꽃 먹기 1권에 이어서 약이 되는 꽃 먹기 2권이 출간되었다. 이 책은 약이 되는 꽃 먹기 2권으로, 꽃에는 항산화 물질이 다량 함유된 것으로 이미 학계에 보고되어 있다. 또한 꽃에 함유된 안토시아닌 색소는 특히 시력에 큰 도움을 주는 성분이다. 따라서 꽃의 식용이 시력과 노화 방지에 많은 도움을 준다고 말한다. 저자가 3년 동안 자생종 식물의 꽃 1,200여 종과 외래종 및 허브식물의 꽃 400여 종을 식용해 본 경험을 살려서 꽃의 맛과 먹는 방법, 식물의 약성과 효능, 번식법, 키우는 법을 알려주는 독특하고 참신한 내용이지만 먹는 꽃에 대한 이해와 지식뿐만 아니라 식물과 친숙해지는 계기를 만들어 주면서 취미 생활에 활력을 주거나 음식에 다양하게 활용할 수 있는 재료로서의 역할도 할 수 있다고 감히 말할 수 있다. 즉, 색다른 요리를 꿈꾸고 있는 사람들에게 영감을 주는 책이 아닐까도 생각된다.
9791160232721	진제의 푸드 테라피	체질에 맞는 음식이 보약이다. 오행 체질별 자연 식재료 101가지와 건강 음식 레시피 70가지 무릇 약이란 누군가에겐 ‘약’이 되지만, 또 누군가에겐 ‘독’이 되는 법이다. 이는 체질과 맞지 않으면 아무리 좋은 음식도 ‘독’이 되고, 체질에 맞는 음식은 풋고추에 된장만 찍어 먹어도 약이 되는 것과 다름이 없다. 현대를 살아가는 우리는 잘못된 정보와 체질에 맞지 않는 섭생으로 건강을 잃는 경우를 적지 않게 경험한다. 그래서 저자는 음식으로 건강을 찾는 일에 보탬이 되고자, 요리하는 시간을 수행이라 생각하며 사찰식 약선과 식품영양학을 오행체질 분류법을 적용해 푸드 테라피를 공부하게 되었다. 체질을 정확하게 알게 되면 굳이 값비싼 식재료가 아니라 늘 밥상에 올릴 수 있는 제철 식재료로 건강한 식생활을 계획할 수 있다.
9791190815734	디톡스 요리	예로부터 ‘좋은 약은 입에 쓰다’는 말이 있다. 반대로 ‘좋은 약이 맛도 좋다’는 말도 있다. 디톡스가 우리 생활의 일부가 되기 위해서는 매일 먹는 밥처럼 질리지 않고 맛 또한 있어야 한다. 몸과 마음을 치유하고 재생시키는 디톡스(Detox)는, 오래 전부터 대체의학적 관점의 해독작용을 하고 있다. 조리 분야에 근무하고 있는 필자들은 음식을 통해 이처럼 인체 내에 축적된 독소들을 쉽게 제거할 수 있는 방법들을 소개하고 있다.
9791185473734	저녁 30분 누구나 다이어트	다이어트를 결심하면 가장 먼저 무엇을 하세요? 군것질 끊기? 운동 센터 등록? 그중 ‘저녁식사 조절하기’를 대부분 1순위로 꼽지요. 저녁식사 양을 조금만 줄이고, 움직임을 조금만 늘려도 다이어트의 절반은 성공한 셈이잖아요. 하지만 저녁만 되면 먹고 싶은 건 왜 그리 많은지, 또 집에서 머무는 시간이 많아지면서 배달음식을 시켜 먹는 횟수는 자꾸만 늘어나고. 다이어트가 절대 쉽지 않은 것도 사실입니다.  여기, 더도 말고 덜도 말고 저녁 딱 30분만 투자하면 건강한 다이어트 성공할 수 있다는 것을 직접 체험하고 알려주는 이들이 있습니다. 파워 인풀루언서이자 필라테스 스튜디오를 운영하는 안자매- 안다정, 안다미 강사가 그 주인공이지요.  요리하는 것도, 먹는 것도 좋아하지만 먹었다 하면 그대로 살이 찌기에 평생 다이어트를 해야 하는 ‘요리하는 필라테스 강사’ 언니 다정, 일생이 비실비실~ 체력도 건강도 늘 딸려서 운동과 먹는 것을 꼭 잘 챙겨야 하는 ‘홈트영상 다미쌤’ 동생 다미.  이렇게 체질, 체형, 취향도 다른 두 사람이지만 ‘누구나 저녁 30분이면 성공하는 다이어트’의 핵심은 같지요.바로 15분이면 만드는 간단한 다이어트 요리로 저녁식사를 하고, 15분 필라테스 홈트를 하고, 이렇게 매일 30분만 투자하면 된다는 것!  이번 책 〈저녁 30분 누구나 다이어트〉에는 이를 실천할 수 있는 내용을 그대로 담았습니다. 요리하는 필라테스 강사 언니 다정쌤표 맛있는 샐러드, 밥 & 면 & 빵, 대표 외식 메뉴 저녁식사부터 만들어두고 즐기는 다이어트 간식까지 60여 개의 레시피와 매일 저녁을 불태워줄, 필라테스 기본 호흡과 자세, 스트레칭, 부위별 집중 공략한 10일간 따라 할 수 있는 홈트까지. 거기에 내 생활에 맞는 맞춤 다이어트 식단 짜는 법부터 운동 난이도에 맞춘 15분, 30분, 50분 하루 홈트 계획표 만들기까지 만날 수 있답니다. 집콕족을 위한 다이어트를 지금부터 우리 시작해볼까요?
9788998584214	텔로미어 식단	노벨 의학상이 밝힌 늙지 않는 비밀, 텔로미어에 주목하라 더 오래, 더 건강한 삶을 향한 과학자들의 도전은 끝이 없다. 노화방지에 대한 학계의 가장 많은 주목을 받고 있는 주제가 바로 텔로미어다. 염색체의 끝단에 자리 잡고 있는 텔로미어(telomere)는 세포가 분열할 때마다 짧아지는데, 너무 짧아지면 세포 분열이 중단된다. 인간의 연령이 일정 수준 이상 되면 많은 조직과 장기들이 제 임무를 수행하지 못하는 것도 이 때문이다. 이에 학자들은 텔로미어의 길이가 짧아지는 것을 막으면 수명 연장이 가능하다고 판단한다.  텔로미어에 유리한 식사 관리를 통해 우리 몸의 DNA를 젊게 만들자 텔로미어의 길이를 짧게 만드는 요인은 단지 나이 때문이 아니다. 연령이 높아질수록 무조건 짧아지는 것이 아니라 노력에 따라 길어질 수도 있다. 현재까지 밝혀진 바로는 텔로머라아제(telomerase)라는 효소가 세포 분열 후 짧아진 텔로미어를 보충해주는 역할을 한다. 이 효소가 잘 활성화될 수 있는 환경을 만들어 준다면 건강 장수에 한걸음 더 다가서게 될 것이다. 저자는 텔로머라아제를 활성화시키기 위해서는 무엇보다 건강한 식습관을 기르는 것이 가장 우선이라고 강조하고, 텔로미어의 길이를 늘려주는 최고의 장수 식단으로 항산화 성분이 풍부한 밥상을 자세히 소개한다. 인체의 노화를 완화시키고 건강과 젊음을 유지시키는 핵심은 신선한 채소와 과일, 생선으로 만든 음식이며 이를 소식할 때 텔로미어의 길이가 늘어남과 동시에 면역력까지 키울 수 있다.  텔로미어에 좋은 식품 25가지, 효능을 최대한 높인 조리법과 레시피 공개 텔로미어를 길게 해주는 식품은 과연 무엇일까? 저자는 주변에서 흔히 구할 수 있는 식재료에서 그 해답을 찾았다. 텔로미어에 좋은 채소와 과일, 곡류, 생선 등 25가지 식품의 영양과 효능, 조리법, 활용법 등을 세세하게 짚어주고 식품별로 가장 쉽고 맛있는 레시피를 제시한다.
9788992985789	무엇을 먹을 것인가	1980년대 이후 암은 한국인의 사망 원인 1위를 지키고 있다. 심장과 뇌혈관이 막혀서 발생하는 허혈성심장질환과 뇌경색으로 인한 사망도 기하급수적으로 증가하고 있다. 어떤 조치를 취하든 사람들의 건강은 점점 나빠지고 있다. 미국의 경우 건강관리를 위해 들어가는 돈이 세계에서 가장 많지만 국민의 3분의 2가 비만이고, 1,500만 명 이상이 당뇨병을 앓고 있으며, 그 수는 빠르게 증가하고 있다. 40년 전과 마찬가지로 심장질환은 부동의 사망 원인 1위로 자리 잡고 있으며, 1970년대부터 시작된 암과의 전쟁에서는 참담한 실패를 거듭하고 있다. 미국인의 절반은 매주 처방약을 필요로 할 만큼 건강에 문제가 있다.  미국 영양학계의 석학 콜린 캠벨은 이런 배경에 과도한 단백질 섭취가 있음을 지적한다. 그는 중국의 농촌지역을 대상으로 20여 년간 수행한 ‘중국 연구The China Study’에서 단백질이 암 발생을 껐다 켰다 하는 ‘암 발생의 스위치’ 역할을 한다는 결론을 내렸다. 더 놀라운 것은 식물성 단백질은 암을 유발하지 않고, 동물성 단백질만 그렇다는 것이다.  영양과 건강에 관한 새로운 기준을 제시하는 이 책은 2012년 출간되었던 『무엇을 먹을 것인가』의 개정증보판으로 원서의 수정ㆍ추가된 내용을 반영했다. 수백만 명의 삶을 바꾼 단 한 권의 건강서로 손꼽히는 이 책은 건강과 관련해서 수많은 근거 없는 믿음과 잘못된 정보를 떨쳐버리게 하는 동시에 간결하고 분명한 희망의 메시지를 제시한다. 건강하기를 원한다면 먹는 음식을 바꾸어라. 서구식 식생활로 유행병처럼 번지는 비만과 성인병의 위험에 처한 현대인들에게 이 책은 현명하고 실질적인 해결 방안을 찾을 수 있도록 안내할 것이다.
9791197600593	뿌리를 담은 밥상	꾸준한 강의를 통해 사찰음식의 맛과 정신을 알리고 있는 법송 스님의 세 번째 저서입니다. ‘뿌리를 담은 밥상’에서는 해조류가 주가 되는 ‘바다를 담은 밥상’에 이어 15가지 뿌리채소로 만드는 108가지 사찰음식을 소개하고 있지요. 쉽게 접할 수 있는 도라지, 생강, 연근에서부터 고들빼기, 씀바귀, 잔대, 초석잠에 이르기까지 다양한 뿌리채소 요리를 감성적이고 위트 있게 풀어가고 있습니다. 재료를 많이 쓰지 않고 간단한 조리법으로 식재료 본연의 맛을 최대한 살리는 스님의 요리철학이 고스란히 녹아, 책에 소개된 대부분의 요리는 조리 시간이 30분을 넘기지 않으며, 조리 단계도 3단계를 넘지 않는 것이 대부분입니다.
9791190487719	기적의 자연식 밥상	『기적의 자연식 밥상』 은 〈눈과 혀를 깨어나게 하는, 자연식 양념 소스〉, 〈속이 편안해지는, 자연식 죽〉, 〈새콤 달콤, 자연식 샐러드〉, 〈싱싱 생생, 자연식 무침〉, 〈기름이 쫘악 빠진, 자연식 전〉, 〈영양 높은 밑반찬, 자연식 조림〉등을 수록하고 있는 책이다.
9788964944745	비건 치즈	비건 치즈는 우유 없이 두부·두유·견과류·채소로 만드는 치즈입니다. 뉴트리셔널 이스트, 파프리카 가루, 일본 백된장, 레몬즙, 고춧가루 등 다양한 조미료를 조합해서 치즈 맛을 내고 찹쌀가루, 무향 코코넛 오일, 한천가루 들을 활용해서 치즈의 다양한 질감을 표현합니다. 1시간 안에 뚝딱 만드는 주욱 늘어나는 모차렐라 치즈·체더치즈와 발효하는 정성만큼 풍미가 그윽한 부드러운 크림치즈처럼 우리에게 친숙한 치즈들은 물론, 허브 셰브르·페타 치즈·부르생 치즈·나초 치즈·건과일 치즈·리코타 치즈 등 다양한 매력의 치즈들을 두루 만나볼 수 있습니다.
9791191075014	대안스님의 채소밥	사찰음식이 기본, 젊은 세대 입맛으로 진화한 170가지 채소밥  이번 책은 한국 전통 사찰음식을 기본으로 한 일상 절밥과 보다 대중화한 채식 메뉴 170가지를 5가지 파트로 나누어 소개한다. 우선 ’대표 채소 10가지별 음식’ 에서는 일년 내내 챙겨 먹는 채소를 이용한 집밥 메뉴 60품을 선보인다. 이어서 한국인의 밥심 정서에 빠질 수 없는 ‘밥과 죽’ 파트에서는 다양한 솥밥, 별미 채소밥을 알려주며 ‘한국인의 채식 밥상’은 우리 일상에 빠질 수 없는 대표 메뉴를 모았다. ‘동서양을 아우른 일품 채소 요리’는 손님초대 음식은 물론 특별한 날 즐기는 혼밥에 제격이고, 마지막 ‘별미밥과 도시락’ 파트는 ‘원 플레이트’ 브런치 스타일이나 도시락 메뉴로 만들어 먹기 좋다. 하루에 한 끼 채소 밥을 만들어 먹는 습관은 몸의 건강과 영양 균형을 이루는 것은 물론이고, 우리가 직면한 환경문제에 대응하는 작은 실천의 시작이기도 하다. 〈대안스님의 채소밥〉은 채식, 환경 그리고 비건적 삶으로 자연스럽게 이어지는 가능성을 여는 책이다
9788969150868	그림책을 읽고 함께 요리하는 그림책 레시피	그림책 학교 시리즈 4권. 봄ㆍ여름ㆍ가을ㆍ겨울 계절별 그림책을 아이들과 읽고 제철 재료를 이용해 로푸드 요리를 함께 해 보는 책이다. 특별한 로푸드 레시피와 현장감 넘치는 사진, 다양한 그림책 독후 활동법이 담겨 있다. 글을 귀로 듣고, 그림을 눈으로 보고, 재료의 향을 코로 맡고, 손으로 요리를 하고 맛보는 시간을 통해 온몸으로 그림책을 만날 수 있다. 오감을 이용해 만나는 그림책은 마음으로 스며들고 손끝으로 기억되어 몸과 마음을 더욱 풍성하게 만든다.
9791190555357	갈레트	갈레트는 프랑스어로 ‘평평하고 둥근 것’을 뜻한다. 프랑스에서는 보통 갈레트를 크레이프와 함께 전문점에서 판매하고 있어 관광객이라면 한번쯤 맛보았을 것이다. 크레이프는 밀가루에 버터와 설탕 등을 섞어 반죽을 만들기에 주로 디저트로 먹지만, 갈레트는 기본적으로 몸에 좋은 메밀가루로 만들기 때문에 식사로도 많이 먹는다. 메밀가루에는 루틴과 단백질, 식이섬유가 풍부해서 피로 회복과 피부 건강에 도움이 되고 특히 이 책에서 소개하는 메밀 반죽은 글루텐 프리로, 밀 알레르기가 있는 사람에게 추천한다. 갈레트가 프랑스 요리라서 치즈나 햄 같은 양식 재료만 어울린다고 생각할 수 있지만 메밀가루로 만들기에 아시아 요리와도 잘 어울린다. 포만감과 영양가 있는 메밀 반죽 위에 냉장고 속 남은 반찬을 올려 한 끼 식사로 먹거나, 아이스크림이나 과일 등을 올려 디저트로도 먹을 수 있다. 책에서는 소금 버터 갈레트와 같은 전통 갈레트부터, 달걀이나 채소 등을 올린 간단 갈레트, 고등어 소테나 소고기 조림 등을 얹어 손님을 대접하는 요리로도 알맞은 럭셔리 갈레트, 바나나 초콜릿 갈레트나 사과 플랑베 갈레트 등 달콤한 디저트 갈레트까지 총 45개의 갈레트 레시피와 남은 메밀가루를 활용해 만들 수 있는 피자, 케이크, 쿠키 등 다양한 메뉴도 함께 선보인다. 레시피 외에도 주재료인 메밀가루와 소금에 대한 설명 및 기본 도구 사용법, 반죽을 완성하는 법과 다양하게 접는 법 등 갈레트 만들기에 관한 모든 것이 들어 있어 이 책 한 권이면 초보자도 쉽게 배워 만들어 먹을 수 있다. 또한 낯선 재료와 용어에는 옮긴이의 설명을 달아 한국 독자의 이해도를 높였다.
9788978132022	야채 수프와 약초 죽 2	현재 코로나로 인해 전세계의 사람들이 커다란 위기에 처해 있는 현실을 비추어 볼 때 이 위기를 어떻게 타개해 나가야 할까를 고민해 보았다. 우선 건강을 유지하고 면역력을 키워 병이 근접하지 못하게 해야 한다. 그러기 위해서는 규칙적인 운동과 건전한 취미 생활, 또한 건강한 좋은 음식을 먹어야 한다고 생각한다. 따라서 본사는 현대인의 건강을 위한 건강시리즈를 발간하면서 누구나 손쉽게 볼 수 있는 유익한 내용으로 건강하고 즐거운 취미와 더불어 건강을 지켜주는 음식, 운동, 지압, 취미 등의 여러 가지를 소개하는, 꼭 가지고 싶어지는 참신한 건강 시리즈를 계속 만들어 나갈 것을 약속한다.  이 책은 야채 수프와 약초 죽 1권으로, 영양의 보고(寶庫)인 수프를 소개하고 있다. 수프 요리의 장점은 소화가 빠르다는 점에 있다. 수프 요리는 남녀노소는 물론 병약한 사람들도 빠른 소화력을 보여 준다. 이 책의 내용을 보고 자신의 몸에 필요한 재료만을 듬뿍 넣어서 만들어 먹으면 된다. 가정식, 건강식, 간편식 등이 소개되어 있으므로 우리나라 토산물(약초)로 조리할 수 있는 수프 요리에 대해 각각의 질병에 대한 효능과 식용 방법, 레시피 등이 잘 정리되어 있다. 〈야채 수프와 약초 죽 1권〉에서는 32가지의 수프와 약초 죽이 소개되어 있다. 〈야채 수프와 약초 죽 2권〉에서는 30가지의 수프와 약초 죽이 소개되어 있다.
9788978132039	약이 되는 꽃 먹기 1	현재 코로나로 인해 전세계의 사람들이 커다란 위기에 처해 있는 현실을 비추어 볼 때 이 위기를 어떻게 타개해 나가야 할까를 고민해 보았다. 우선 건강을 유지하고 면역력을 키워 병이 근접하지 못하게 해야 한다. 그러기 위해서는 규칙적인 운동과 건전한 취미 생활, 또한 건강한 좋은 음식을 먹어야 한다고 생각한다. 따라서 본사는 현대인의 건강을 위한 건강시리즈를 발간하면서 누구나 손쉽게 볼 수 있는 유익한 내용으로 건강하고 즐거운 취미와 더불어 건강을 지켜주는 음식, 운동, 지압, 취미 등의 여러 가지를 소개하는, 꼭 가지고 싶어지는 참신한 건강 시리즈를 계속 만들어 나갈 것을 약속한다. 이 책은 약이 되는 꽃 먹기 1권으로, 꽃에는 항산화 물질이 다량 함유된 것으로 이미 학계에 보고되어 있다. 또한 꽃에 함유된 안토시아닌 색소는 특히 시력에 큰 도움을 주는 성분이다. 따라서 꽃의 식용이 시력과 노화 방지에 많은 도움을 준다고 말한다. 저자가 3년 동안 자생종 식물의 꽃 1,200여 종과 외래종 및 허브식물의 꽃 400여 종을 식용해 본 경험을 살려서 꽃의 맛과 먹는 방법, 식물의 약성과 효능, 번식법, 키우는 법을 알려주는 독특하고 참신한 내용이지만 먹는 꽃에 대한 이해와 지식뿐만 아니라 식물과 친숙해지는 계기를 만들어 주면서 취미 생활에 활력을 주거나 음식에 다양하게 활용할 수 있는 재료로서의 역할도 할 수 있다고 감히 말할 수 있다. 즉, 색다른 요리를 꿈꾸고 있는 사람들에게 영감을 주는 책이 아닐까도 생각된다. 이번에 약이 되는 꽃 먹기 1권이 출간되고 이어서 약이 되는 꽃 먹기 2권도 곧 출간될 예정이다.
9788978132015	야채 수프와 약초 죽 1	현재 코로나로 인해 전세계의 사람들이 커다란 위기에 처해 있는 현실을 비추어 볼 때 이 위기를 어떻게 타개해 나가야 할까를 고민해 보았다. 우선 건강을 유지하고 면역력을 키워 병이 근접하지 못하게 해야 한다. 그러기 위해서는 규칙적인 운동과 건전한 취미 생활, 또한 건강한 좋은 음식을 먹어야 한다고 생각한다. 따라서 본사는 현대인의 건강을 위한 건강시리즈를 발간하면서 누구나 손쉽게 볼 수 있는 유익한 내용으로 건강하고 즐거운 취미와 더불어 건강을 지켜주는 음식, 운동, 지압, 취미 등의 여러 가지를 소개하는, 꼭 가지고 싶어지는 참신한 건강 시리즈를 계속 만들어 나갈 것을 약속한다.  이 책은 야채 수프와 약초 죽 1권으로, 영양의 보고(寶庫)인 수프를 소개하고 있다. 수프 요리의 장점은 소화가 빠르다는 점에 있다. 수프 요리는 남녀노소는 물론 병약한 사람들도 빠른 소화력을 보여 준다. 이 책의 내용을 보고 자신의 몸에 필요한 재료만을 듬뿍 넣어서 만들어 먹으면 된다. 가정식, 건강식, 간편식 등이 소개되어 있으므로 우리나라 토산물(약초)로 조리할 수 있는 수프 요리에 대해 각각의 질병에 대한 효능과 식용 방법, 레시피 등이 잘 정리되어 있다. 〈야채 수프와 약초 죽 1권〉에서는 32가지의 수프와 약초 죽이 소개되어 있다. 〈야채 수프와 약초 죽 2권〉에서는 30가지의 수프와 약초 죽이 소개되어 있다.
9791197161803	No Meat, No Flour, No Problem!	『No Meat, No Flour, No Problem (고기,밀가루 없어도 문제없습니다.)』 본 서는 10년 전부터 평생 육식 위주였던 식단을 바꾸고, 찾아 온 몸의 변화를 통해 건강을 되찾고 삶의 활력을 얻은 금체질 한의사인 저자와 가족의 체험적인 식단을 담은 금체질 맞춤형 레시피북입니다.
9791156161943	최고의 당뇨 밥상	건강하지 못한 식생활, 운동부족, 스트레스에서 오는 생활습관병, 당뇨. 현대인이라면 그 누구도 당뇨에서 자유로울 수 없다. 이미 당뇨 인구는 천만 명에 달하고 증가세 또한 폭발적이다. 당뇨를 예방하고 관리하는 가장 효과적인 방법은 두말할 것 없이 ‘식이요법’이다. 식이요법만 잘 해도 당뇨 발병률을 크게 낮출 수 있고, 이미 당뇨를 앓고 있더라도 건강하게 살 수 있다. 하지만 많은 당뇨 환자들이 식이요법 없이 약에만 의존하고 있다. 당뇨식은 맛이 없다는 오해 때문이다. 밍밍한 당뇨식이 입맛에 맞지 않아 당뇨 식이요법을 포기했다면 이 책에 주목해보자. 영양학 전문가들과 셰프들이 모인 맞춤 건강식 브랜드 마켓온오프가 당뇨 맞춤식인 〈최고의 당뇨 밥상〉을 준비했다. 마켓온오프가 책에 담고자 한 목표는 한 가지다.  ‘맛있게 먹으며 건강해질 것’  그간 영양상담을 통해 축적한 방대한 임상 식이 데이터를 기반으로 당뇨 환자들이 가장 맛있게 먹으며 당뇨 관리에 성공한 메뉴를 추렸다. 그리고 누구나 쉽게 따라 할 수 있는 간단한 조리법으로 풀어냈다. 이 책에 소개된 모든 메뉴는 영양학적으로 완벽하다. 주요 영양소를 빠짐없이 챙기며 당질은 낮추고 식이섬유 함량은 높였다. 맛 또한 일반식에 뒤지지 않는다. 한 상 차림부터 한 그릇 요리, 브런치, 샐러드와 당뇨 맞춤 음료, 도시락 등으로 구성했기 때문에 매일 활용할 수 있다는 것 또한 이 책의 특징이다. 이 책 한 권이면 간편한 아침 식사부터 점심 도시락, 든든한 저녁 식사를 모두 차릴 수 있다. 일상생활에서 당장 실천할 수 있는 당뇨 관리법과 당뇨에 대한 오해 등 당뇨 환자와 그 가족들이 가장 궁금해 하는 당뇨 정보도 꼼꼼하게 담았다. 나에게 꼭 맞는 당뇨 식단 구성법과 합병증이나 항암치료, 임신성 당뇨 등 영양학 전문가만이 알려줄 수 있는 특수 상황에서의 영양상담 또한 빼놓지 않았다. 당뇨는 한번 발병하면 완치가 힘든 병이다. 하지만 평소 관리만 잘하면 일상 생활하는 데는 문제가 없는 병이기도 하다. 〈최고의 당뇨 밥상〉이 당뇨 환자와 그 가족들에게 완벽한 가이드가 될 것이다. 오늘부터 〈최고의 당뇨 밥상〉으로 맛있게 당뇨 관리 시작하자.
9791165671686	윤숙자 교수의 건강밥상 300선	윤숙자 교수의 『건강 밥상 300선』은 한식 세계화를 위한 한국음식조리법 표준화 제2편으로 〈주식류〉, 〈국물류〉, 〈반찬류〉 등이 수록되어 있다.
9791165990787	요리초보를 위한 뚝딱 채식 레시피	▶ 이 책은 요리초보를 위한 채식 레시피에 대해 다룬 도서입니다. 요리초보를 위한 채식 레시피에 대한 기초적이고 전반적인 내용을 확인할 수 있도록 구성했습니다.
9791190938129	잘 먹으면 약이 되는 면역 밥상	‘건강혁명 전도사’ 김동석 원장이 추천하는 면역 밥상 레시피  건강을 지키고, 암을 치유하기 위해 가장 기초되어야 하는 것은 무엇일까? 바로 체질에 맞는 식재료로 만든 ‘면역 밥상’을 먹는 것이다! 이 책은 독자들의 많은 사랑을 받은 『체질별 면역 밥상』의 개정판이다. 저자 김동석 원장은 현재 명문요양병원의 원장으로, 자연과 인체 면역력에 해답이 있음을 깨닫고, ‘자연 치유법’을 통해 각종 병을 치료하는 현직 한의사이다. 특히 전남 담양의 좋은 공기, 바른 먹거리를 근간으로, 한양방의 장점을 접목시켜 각종 암 환자를 치유하기로 유명하다. 환자는 물론 환자 가족들도 인정하고 칭찬할 정도인 이 병원의 식단을 그대로 책으로 옮겼다! 어떤 질병이든 면역력을 높여야만 치료 효율이 높다. 그 면역력을 높이는 방법이 바로 ‘체질별 건강한 음식’이다. 이 책에는 몸에 좋은 음식 재료에 대한 상식과 그가 오랫동안 환자들에게 대접한 실제 음식 레시피가 가득 담겨 있어, 면역력을 높이고 건강을 찾고자 하는 이들에게 큰 도움이 될 것이다.  근본적으로 병을 고치려면 ‘면역 밥상’이 필수다!  암을 포함한 각종 질병들의 원인을 외적인 원인과 내적인 원인으로 나눌 수 있는데, 내적인 요인은 잘못된 생활습관과 스트레스 등이고, 외적인 원인은 좋지 않은 환경에 노출되는 것 등이다. 따라서 질병의 예방과 치료를 잘못된 생활 습관과 환경을 변화시키는 것에서부터 시작하는 것은 당연한 이치이다. 원인을 제거하지 않은 채, 그 결과인 ‘병’만 없애려 한다면 언제고 다시 재발할 수 있다. 따라서 잘못된 생활습관과 유해한 환경을 개선해야만 우리 몸의 자연 치유력이 높아지고, 질병을 치료하고 예방할 수 있다. 이 책에는 지금껏 환자들에게 적용시켜 효과를 본 음식 재료가 일목요연하게 정리돼 있다. 또한 자신의 체질에 맞는 식재료를 찾아 만들어 먹을 수 있도록 조리법 역시 자세하게 설명하고 있다. 시장에서 쉽게 구할 수 있는 식재료를 이용하되, 우리 몸의 균형을 유지하고 건강한 삶을 영위할 수 있도록 음양기혈을 보할 수 있는 정보를 실었다.  체질을 알고, 재료를 알면 더 맛있는 요리를 할 수 있다  건강에 관심이 높아지면서, 평소에도 면역력을 높여주거나 항암 성분이 있는 음식 재료를 찾는 사람이 많다. 하지만 아무리 좋은 식재료도 특성을 제대로 알지 못하거나 과용하게 되면 오히려 독이 된다. 이 책에는 몸에 좋은 음식 재료와 선택 기준을 설명하고 있다. 또한, 한국인의 체질을 소음인, 소양인, 태음인, 태양인의 4가지로 나누고, 그에 맞는 음식을 소개한다. 각자의 체질에 맞는 음식을 통해 면역력을 높이고, 건강한 삶을 살자!
9791162850640	음식에도 마스크를 씌워야 하나요	오랜 기간 건강한 식사법과 식재료를 연구하고 이에 맞는 음식을 만드는 셰프들을 만나온 저자의 모든 지식이 담긴 《음식에도 마스크를 씌워야 하나요》는 팬데믹과 뉴노멀 시대를 맞이하여 완전히 뒤바뀔 미래의 음식과 식사 문화를 설명하고 새로운 방향의 음식 소비를 제의하는 유일한 지침서이자 'Food - 백신'이다.  이 책은 올바른 음식 섭취에서 비롯되는 바이러스를 이기는 진정한 힘인 면역력을 이용해 우리 몸을 살리는 식사법과 우리 몸을 바이러스로부터 지키는 영양 구성을 제안한다. 또한 바이러스를 이겨낼 수 있는 다양한 음식을 소개하고 에너지의 역동과 자연의 증폭제로 농사를 짓는 생명역동농법을 이용해 키워낸 토마토, 대나무 밭에서 뛰어놀고 배합사료 대신 고구마, 콩, 미역 등으로 만든 천연사료를 먹고 크는 돼지 등 건강한 식재료를 구할 수 있는 방법까지 구체적으로 제시하고 있다.
9791196616052	Her vegetables. 허 베지터블스.	『허 베지터블스(Her vegetables)』를 곁에 두면 이런 일들이 가능합니다. 차가운 샐러드 말고, 채소를 메인으로 하는 따뜻한 식사를 즐깁니다. 마트에서 매일 보던 채소의 매력을 재발견하고 색감, 식감, 맛, 향을 좋아하게 됩니다. 담백한 시금치잼을 요거트 위에 올려 싱그러운 아침을 시작하고, 기운 없는 날에는 뜨끈하고 보드라운 풋호박죽을 끓여 먹습니다. 참나물 넣은 두부 처트니와 핫핑크색 비트 된장에서 상상하지 못했던 풍미의 레이어드를 누립니다. 때로는 우엉채수로 속을 덥히고, 가볍고 싶은 날엔 톳국수를 비빔장에 슥슥 비벼 먹습니다. 맥주, 막걸리, 와인과 채소요리를 페어링해 근사한 저녁시간을 보내고, 아무 화이트와인이나 사서 붉은 과일의 와인 칵테일을 만들면 어떤 날에든 금세 기분이 좋아집니다. 이렇게 떠올리기만 해도 마음이 설레는 채소일상을 한 권의 책에 담았습니다.
9791197178207	비건 하이프로틴 쿡북	채식으로 내 몸에 필요한 단백질을 충분히 섭취할 수 있을까? 고기가 없어도 다른 사람들 못지않은 운동 능력을 가질 수 있을까? 탄탄한 근육을 만들 수 있을까? 《비건 하이프로틴 쿡북》은 운동하는 채식인, 채식하는 운동인을 위한 본격 비건 고단백 레시피 북이다. 이 책의 '하이프로틴'은 근육을 만들고 운동 능력을 향상시키기에 충분한 양의 단백질을 말한다. 영양 불균형을 초래할 정도로 단백질을 과다하게 섭취하고 탄수화물이나 지방을 극단적으로 줄이는 방식의 영양 섭취는 이 책의 방향과는 다르다. 이러한 영양 섭취 방식은 체중을 일시적으로 감량하거나 겉보기에만 좋은 몸을 만드는 단기적 목표에 효과를 보일 뿐, 장기적인 우리 몸의 건강과 운동 능력 향상에는 도움이 되지 않는다. 단백질과 탄수화물, 지방의 주영양소 섭취 비율을 고려해 설계된 레시피는 《비건 하이프로틴 쿡북》의 큰 장점이다. 이 책에 수록된 모든 요리의 레시피에서 해당 요리의 1회분을 통해 섭취하게 될 열량과 탄수화물, 단백질, 지방, 섬유질, 당의 수치를 확인할 수 있다. 또한 이 책에는 기초대사량(BMR)을 계산하는 법과 계산한 각자의 하루 기초대사량에 적용할 수 있는 30일 식단표가 수록되어 있다. 여러분은 이 책의 레시피와 30일 식단표를 통해 건강하게 체중을 감량하거나 근육을 키울 수 있으며, 운동 능력의 향상 역시 기대할 수 있을 것이다.
9791196814137	채식의 즐거움	사람에게는 맑은 기운으로 살아가느냐, 탁한 기운으로 살아가느냐의 두 가지 선택이 있다. 사람은 만물의 영장이고 조물주의 자녀이므로 마땅히 맑은 기운을 취하며 살아가야 한다. 맑은 기운은 음식물 섭취에서 시작되며 그 대상은 바로 식물이다. 식물은 태양 에너지와 물의 결합체로써 존재하는데, 사람은 빛을 바로 섭취할 수 없으므로 식물 내에 존재하는 빛 에너지와 물 등 여러 가지 영양소를 섭취한다. 또한 식물을 섭취한다는 것은 우주의 기운과 식물의 위대한 정신을 받아들이는 것이다. 이러한 식물의 순수한 에너지는 초식동물과 육식동물의 몸으로 들어가 소화 과정을 거치면서 탁해지고, 식물 고유의 에너지 자체도 육식동물의 에너지로 변해버린다. 채식을 하는 초식동물은 평화롭고 온순하며 협동성이 있다. 반면 육식동물은 대체로 공격적이고 폭력적이며 개인적인 성질을 가지고 있다. 사람이 이런 육식동물을 음식으로 섭취하게 되면, 그 동물이 지닌 에너지와 습성을 몸과 마음으로 받아들이게 된다. 따라서 채식은 나를 사랑하는 적극적인 표현이며, 우주적 사랑의 확장이다. 나의 세포를 위하여, 친구인 동물들을 위하여 채식은 최고의 선택이다. 나의 건강과 행복은 가족의 활력이 되고, 사회와 지구의 에너지를 활기차게 해줄 것이다.
9791160321074	[큰글자도서] 대사증후군 식사 가이드	국민 4명 중 1명은 대사증후군! 당뇨, 고혈압, 뇌졸중 등 심혈관계 질환의 위험성을 높인다!  30대 이상 4명 중 1명은 대사증후군! 복부비만과 함께 당뇨, 고혈압, 뇌졸중 등 각종 성인병을 부르는 대사증후군! 건강검진 후 대사증후군 또는 위험군이라면 당장 밥상을 바꿔라!  우리나라 30대 이상 성인 4명 중 1명이 진단받는 대사증후군! 현대인들의 인스턴트식품 섭취 증가와 불규칙한 식습관으로 인해 대사증후군 위험에 노출된 성인이 점점 늘고 있다. 대사증후군이 무서운 이유는 평소 몸에 특별한 증상이나 생활의 불편함이 없이 찾아온다는 점이다. 특히 복부비만은 물론, 혈압, 혈당, 중성지방 수치 상승 등 만성적 건강이상상태로 인해 고혈압 등 뇌·심혈관계 질환과 당뇨병 발병의 위험도를 높이기 때문에 언제라도 건강에 악영향을 미칠 수 있다. 그리고 대사증후군이 악화되면 각종 성인병에 걸리게 된다. 하지만 평소 식생활이나 생활습관을 개선하고 관리하는 것만으로도 충분히 예방하고 증상을 완화할 수 있다. 이 책은 대사증후군 분야의 명의이자 강남세브란스병원 가정의학과 전문의 이지원 교수와 30여 년간 환자의 영양관리와 교육을 해온 강남세브란스병원 영양팀, 그리고 수년 간 대형병원 등에서 환자 치료식 운영을 해온 CJ프레시웨이가 함께 했다. 이 책에는 점차 늘어나는 대사증후군의 예방과 관리를 고민하는 분들을 위해 대사증후군에 대한 기본 이해와 영양관리 및 식단관리, 생활습관 개선 등 전문적이면서 체계화된 실질적인 솔루션을 제시하고, 한국인들에게 맞게 영양균형을 맞춰 식생활 개선에 도움을 줄 수 있는 칼로리별 다양한 레시피 100개를 개발해 소개했다.  큰글자도서 소개 리더스원의 큰글자도서는 글자가 작아 독서에 어려움을 겪는 모든 분들에게 편안한 독서 환경을 제공함으로써 책 읽기의 즐거움을 되찾아 드리고자 합니다.
9788931590005	식재료 사전	세상에는 다양한 식재료가 있지만 ‘이것만 먹으면 건강해질 수 있다’는 만능 식재료는 없다. 왜냐하면 식재료에 따라 영양소가 다르고 건강 유지에 필요한 양도 다르기 때문이다. 건강한 몸을 만들기 위해서는 먼저 각 식재료에 어떤 영양소가 함유되어 있는지 파악하고 가능하면 여러 종류의 식재료를 균형 있게 섭취하는 것이 좋다. 여기서 식재료가 신선한지 그렇지 않은지의 여부도 중요하다. 예를 들어 비타민 C는 식재료가 신선할수록 많이 함유되어 있다. 이처럼 영양을 충분히 섭취하기 위해서는 신선한 식재료를 선택하는 안목이 필요하다. 이 책에서는 평소 우리가 먹고 있는 채소, 과일, 고기, 생선 등 주변의 식재료에 함유된 영양소와 그 구체적인 작용 및 효능을 소개했다. 신선한 식재료를 선택하기 위한 요령과 올바른 보관법, 밑간이나 조리 요령, 함께 먹으면 좋은 식재료 등의 지식까지 생생한 사진과 함께 상세하게 담아냈다. 또한, 단백질, 비타민, 미네랄 등 각종 영양소의 작용을 자세하게 설명하고 각 영양소의 1일 섭취 기준표를 연령별로 제시하여 영양을 골고루 섭취하는 데 도움이 될 수 있도록 했다. 냉증, 빈혈, 피부 트러블 개선과 같은 미용 관련 고민은 물론, 당뇨병이나 고혈압 같은 생활습관병 예방 등 몸의 다양한 이상 증세 개선에 적합한 식재료와 효과적인 영양소를 알려준다.
9788927811480	윤혜신의 맛있는 저염밥상	- 제철 재료로 만드는 쉽고 건강한 저염요리 레시피 204가지 - 저염장 · 저염김치 · 저염장아찌 · 저염드레싱 만드는 비법까지 - 기존 레시피에 새로운 조리팁이 가득 추가된 2020년 개정판!  저염식이 대세다. 고혈압 등 만성질환을 앓는 이들이 불가피하게 찾는 맛없는 식단이란 인식 대신, 소금을 줄이면서 식재료 본연의 맛을 즐기는 식사법을 남녀노소 누구나 즐기고 있다는 의미다. 여기서 저염식이라는 말의 참뜻을 이해해야 한다. 정확하게 말하면 저염식보다는 저나트륨식이 맞다. 소금 속에는 80% 이상의 나트륨이 있고 다른 여러 가지, 우리 몸에 꼭 필요한 미네랄도 들어 있다. 사실 나트륨도 알고 보면 우리 몸을 구성하는 필수미네랄이다. 하지만 너무 많이 먹었을 때 우리 몸속의 균형을 잃게 하여 건강을 해치게 되는 것. 그래서 많은 전문가들이 나트륨을 줄여 먹자는 말을 하는 것이다. 이 책은 생활 속에서 좋은 소금을 적당히 섭취하고 나트륨을 줄여가며 몸의 밸런스를 되찾는 건강하고 맛있는 저염식을 일러주고자 한다. 다수의 저서를 통해 건강한 밥상의 맛과 멋을 널리 알린 ‘착한 요리사’ 윤혜신이 이 책을 통해 소금을 반으로 줄이면서도, 그만의 비법으로 맛을 낸 204가지 맛있는 레시피를 전하고 있다. 김치찌개 · 청국장 · 미역국 · 생선조림 등 늘상 해먹는 일상요리를 비롯해 특별한 날 별미요리, 손님맞이 상차림, 라자냐 · 수프 · 케이크 등 서양식 메뉴와 아이 간식, 티타임 디저트, 퓨전 궁중요리, 짜장면 · 떡볶이 등의 외식메뉴까지 다양한 메뉴를 만날 수 있다. 여기서 방점은 ‘제철 재료’를 통해 간을 적게 하고도 맛을 극상으로 끌어올렸다는 것. 소금 양만 줄었을 뿐 저염식도 얼마든지 맛있을 수 있다는 걸 레시피를 통해 확인할 수 있다. 여기에 시판 제품을 이용해 집에서 쉽게 저염간장 · 저염된장 · 저염고추장 · 저염쌈장 만드는 비법과 저염김치 · 저염장아찌 · 저염드레싱 만드는 방법, 염장하지 않고 저장요리 만드는 법, 선물하기 좋은 밑반찬 만들기 등 활용도 200% 알짜배기 저염 레시피가 한가득 수록돼 있다. 슴슴하고 담백하면서도 우리 입맛에 착 달라붙는 윤혜신만의 똑똑한 저염 레시피를 책을 통해 직접 경험해보자.
9791158463373	냠냠티처 유아 식판식	이유식에서 유아식으로 넘어가는 12개월 전후는 엄마에게도 혼돈의 시기다. 몇 가지의 재료를 갈고 다지고 끓이면 완성되는 이유식과 달리 유아식은 본격적인 ‘요리’를 필요로 하기 때문이다. 아무리 요리 실력이 뛰어나다고 한들 유아식 앞에서는 모두가 초보다. 뭘 넣어야 하는지, 얼마나 줘야 하는지, 메뉴는 어떻게 구성해야 하는지 모든 것이 의문투성이다. 이런 고민을 해결해 줄 유아식 전문가 ‘냠냠티처’의 유아 식판식 책이 출간됐다. 저자는 6살 아이의 엄마이자 현직 어린이집 조리사. 어린이집 식단을 궁금해하는 학부모를 위해 그날그날 식판 사진을 SNS에 올렸다. 아기자기함도, 예쁜 캐릭터도 없는 평범하고 일상적인 식판식이지만 금세 수만 명의 팔로워가 모였고, 레시피 요청이 빗발쳤다. 멋 부리지 않은 메뉴, 당장 냉장고에서 꺼내 쓸 수 있을 만큼 간단한 재료, 누구나 따라할 수 있는 쉬운 레시피를 두고 엄마들은 ‘실용적’이라고 입을 모은다. 여기에 다수의 아이들에게 검증된 맛, 탄탄한 영양까지 더해져 ‘믿고 먹이는 유아식’으로 자리매김했다. 《냠냠티처 유아 식판식》에는 저자의 이런 경험과 노하우가 모두 담겨있다. 첫 파트에는 엄마들이 평소 궁금해하는 유아식 관련 정보, 유아식을 준비하기 전 알아야 할 내용 등을 세세하게 정리했다. 이어지는 70개의 식판식은 ‘아침 식사로 좋은 죽&수프 식판식’, ‘간편하고 든든한 한 그릇 식판식’, ‘특별한 날에 어울리는 일품 식판식’, ‘엄마 아빠와 함께 먹는 매일 식판식’, ‘엄마표 정성 가득 간식 식판식’ 등 일상에서 활용하기 좋은 5가지 상황으로 나눠 소개한다. 각각의 해당되는 메뉴에는 ‘어른용으로 만들기’ 팁을 적어 넣었으며, 편식 재료 사용법, 저자의 조리 노하우 등 유용한 정보도 풍성하게 담았다. 책의 뒷부분에는 메뉴 교환표, 재료별·종류별 찾아보기를 넣어 실용성을 더했다.
9791185473611	채식 연습	“채식이 뭐 별건가, 그냥 밥상에서 고기만 빼면 되지.” 채식에 대해 이렇게 생각하는 분들이 많습니다. 사실 틀린 말은 아니지요. 하지만 고기만 뺀 단순한 채식은 먹는 즐거움이 떨어지고, 영양 불균형도 생겨 오래 이어가기 어렵습니다. 그렇다고 매끼 채식을 완벽하게 해야 한다는 강박증 역시 채식의 지속 가능성을 떨어뜨리지요. 채식을 제대로 즐기기 위해서는 연습이 필요합니다.  이 책은 건강이나 환경, 동물권 등 여러 가지 이유로 채식 라이프에 도전하려는 분들이 부담과 강박에서 벗어나, 천천히 즐기면서 채식과 친해지는 연습의 과정들을 안내하고 있습니다.  첫 단계에서는 지금까지 내 식생활을 돌아보고 점검하는 것부터 시작합니다. 이어 채식의 가치와 이점을 짚어보고, 슬기로운 채식 생활을 위해 알아두면 유용한 장보기, 재료 관리, 쿠킹 포인트 등 실질적인 정보들을 알려드립니다.  본격적인 채식 요리편에서는 채소에 대한 감수성을 높이는 심플하면서도 새로운 채식 레시피, 일주일에 하루 실천하는 아침?점심?저녁 채식 레시피, 운동이나 보양, 스트레스 등 채식하기 어려운 상황을 위한 채식 레시피, 혈당과 혈압, 뱃살, 빈혈, 가려움증 등을 완화시키는 증상별 채식 레시피까지 100여 가지의 채식 메뉴들을 소개하고 있습니다.  한 그릇 밥과 면부터 죽과 수프, 샌드위치와 샐러드, 반찬과 국물, 일품요리, 브런치와 디저트, 건강 음료까지 다채롭게 다루었으니 채식을 시작하는 분들은 물론 이미 채식을 하고 있지만 좀 더 다양한 레시피가 필요한 분들에게도 많은 도움이 될 겁니다.  폭넓은 내용과 채식 레시피를 한 권에 담을 수 있었던 건 저자 이현주 박사의 풍부한 경험과 지식 때문입니다. 서른 중반의 나이에 마음의 건강을 위해 우연히 채식을 시작했던 그녀는 현재 17년째 채식을 실천하고 있는 한약사이자 환경운동가입니다. 녹용과 같은 동물성 약재 대신 순식물성 약재와 채식 식단만 처방하는 독특한 한약국을 운영하고 있으며, 일주일에 하루 채식을 통해 지구를 살리자는 글로벌 환경운동 ‘고기없는월요일’의 한국 대표도 맡고 있지요.  한약사로서 많은 환자들을 만나 채식을 처방하고, 또 글로벌 환경운동가로서 채식 문화가 발달한 나라들의 다양한 채식 요리들을 접했던 저자는 이 책에 식재료의 성질과 영양을 고려한 더 건강한 채식, 또 새롭고 맛있고 아름다운 채식을 풍부하게 담고자 노력했습니다. 실제 이 메뉴들은 그녀가 17년간 채식을 즐겁게 지속할 수 있었던 원동력이 되었다고 합니다.  마지막으로 이현주 저자는 ‘고기없는월요일’에서 지향하는 것처럼, 일주일에 하루 정도 내 일상에서 허용 가능한 범위의 채식만큼은 꼭 실천해보라고 권합니다. 비건(완전 채식)이 아니더라도, 이렇게 채식 지향자가 되는 것만으로도 나와 지구의 건강을 위한 소중한 선택이기 때문입니다.
9791197022043	한나의 저탄수화물 홈 베이킹	대한민국 키토인을 사로잡은 대파 스콘의 주인공! 한나가 소개하는 살찔 걱정 없는 건강 홈 베이킹! 스콘, 쿠키부터 식빵, 데커레이션 케이크까지, 어려운 발효 과정이 없어 베이킹 초보자도 쉽게 도전할 수 있어요! 절대 실패하지 않는 꿀팁은 보너스!
9788969524058	진주의 한 그릇 키토식	포만감 UP 근육량 UP 체지방 DOWN 체내 염증 DOWN 체중 DOWN  “키토식 어렵지 않아요! 기존에 먹던 음식을 건강한 방식으로 바꾸어 먹는다고 생각하면 누구나 쉽게 따라 할 수 있어요!”  간단하면서 영양 가득한 한 그릇 요리로 키토식을 시작해 보세요 키토식은 탄수화물을 줄이고 양질의 지방을 섭취해 우리 몸이 당이 아닌 지방을 주 에너지원으로 쓰도록 하는 식단이에요. 칼로리 제한식이 아닌, 내 몸속에 체지방으로 쌓일 탄수화물을 주된 식사로 먹을 것인가, 연료로 쓰일 양질의 지방을 먹을 것인가는 오롯이 자신의 선택이에요. 이 책에서는 마음껏 먹으면서 건강하게 23kg 감량한 키토제닉 요리 연구가 진주의 일품요리 레시피 101가지를 소개했어요. 키토식은 희한한 음식도, 맛이 없지만 건강을 위해 참으며 억지로 먹어야 하는 음식도, 환자식도 아니에요. 기존에 먹던 음식을 건강한 방식으로 바꾸어 먹는다고 생각하면 키토식을 쉽게 따라 할 수 있어요. 평소에 좋아하고 즐겨 먹던 음식을 하나씩 키토식으로 시도해보세요.  입맛과 취향에 맞춰 키토식을 할 수 있어요 저자가 일상에서 실천하고 있는, 매일 밥상에 유용할 생존 음식부터 일반식을 하는 사람들과 함께해도 손색없을 손님 초대 요리까지 키토식 일품요리 레시피를 소개했어요. 일반식을 키토식으로 바꿔주는 열쇠 메뉴부터 걱정 없이 즐기는 키토식 면 & 피자 & 빵 요리, 칼로리 걱정 없는 키토식 샐러드, 영혼까지 든든해지는 키토식 국물 요리, 육즙이 팡팡 터지는 키토식 소고기 & 돼지고기 & 닭고기 & 양고기 요리, 적당히 배불러서 기분 좋은 키토식 달걀 & 해산물 & 채소 요리까지 다양한 재료에 맞춘 조리법을 소개하여 개개인의 입맛과 취향에 따라 메뉴를 고를 수 있어요. 각 요리마다 영양성분을 표시하고, 재료에 관해 추가로 알면 좋은 정보나 조리할 때 혹은 먹을 때 알아 두면 유용한 팁을 상세하게 달아 완성도 높은 요리를 만들 수 있어요. 또한 지연성 알레르기 반응이 흔한 몇 가지 식재료를 사용하지 않은 경우 ‘알레르기 프리’ 표시를 하여 알레르기 체질인 사람들도 안심하고 키토식을 할 수 있고, 도시락으로 싸기 좋은 메뉴에도 별도로 표시하여 사회생활을 하면서도 키토식을 유지할 수 있도록 했어요.
9791190467643	오늘의 채소 요리	생각지 못했던 조합이 만드는 채소 반찬&요리의 신세계! 《오늘의 채소 요리》에서는 너무나 흔한 식재료인 채소를 재발견할 수 있다. 우선 우리 주변에서 흔히 구할 수 있는 채소 34종을 중심으로 각 채소마다의 특성과 손질법, 알맞은 조리법과 보관법, 영양소를 소개한다. 그리고 각 채소를 활용해서 감칠맛, 식감, 영양소를 최대로 끌어올릴 수 있는 다양한 레시피를 선보인다. “채소의 맛은 정말 다채로워요. 생으로 즐기는 식감, 가열하면 더 강해지는 단맛, 기름으로 조리하면 더욱 살아나는 풍미 등 무궁무진하지요. 채소마다 맛을 제대로 살리는 조리법이 따로 있고, 같은 채소라도 조리법을 달리하면 각각 다른 맛으로 즐길 수 있어요. 써는 법만 달리해도 맛이 바뀌고, 익히는 정도에 따라서도 식감이 바뀌니까요. 이런 특성을 잘 활용하면 채소를 더욱 맛있게 먹을 수 있어요.” ‘그 채소라면 역시 이 맛이지!’라며 누구나 좋아하는 인기 요리부터, ‘이 채소에 이런 맛이 있었어?’ 하며 의외의 맛을 느낄 수 있는 특별한 요리, ‘또 만들어 먹고 싶은데!’ 하며 자꾸 생각나는 매일 반찬까지 흔한 채소로 정말 맛있고 새로운 채소 요리를 만들 수 있다. 당장 냉장고에 남아있는 채소를 활용하거나 제철 채소로 만들어 보고 싶은 마음이 들게 하는 실용적인 레시피로 가득하다.  40년 요리 전문가가 알려주는 가장 맛있게 조리하는 법! 이시하라 히로코의 채소 요리 레시피는 뻔하지 않고 맛있다. 그리고 독자를 향한 세심한 배려가 엿보인다. 같은 요리라도 어떻게 하면 더 채소 본연의 맛과 식감, 영양소를 살릴 수 있을까에 대한 고민과 수많은 시행착오가 레시피 안에 고스란히 담겼기 때문이다. 소문난 요리 선생님으로 40여 년간 연구하고 개발해 온 채소 요리 중 최고의 레시피 152개를 뽑았다. 그래서 그녀의 채소 요리가 독자들에게 더욱 특별하고 맛있게 다가간다.  - 채소는 적은 물로 쪄야 감칠맛과 단맛을 끌어낼 수 있어요. - 버섯은 노릇노릇해지도록 볶아야 감칠맛이 살아나요. - 양파를 갈색이 돌 때까지 볶으면 단맛이 강해져요. - 채소 튀김은 뜨거울 때 소스에 담가야 맛이 잘 스며들어요. - 채소를 마구 썰기 하면 단면이 많아져 맛이 잘 스며들어요. - 채소를 섬유결대로 썰어야 식감을 살릴 수 있어요.  카레나 볶음, 튀김 같은 자주 해먹는 인기 요리는 색다르게 즐길 수 있으며, 매일 먹는 채소 반찬은 써는 방법이나 양념, 드레싱 등을 질리지 않게 먹을 수 있도록 해준다. 복잡하고 어렵게만 느껴지는 서양 요리나 중국 요리는 조리 단계를 간소화해서 초보자라도 시도해 볼 의욕이 생긴다. 게다가 한 번에 많이 만들어서 보관해두었다가 여러 요리에 활용할 수 있는 레시피도 짚어주어 독자의 시간과 노력도 줄여준다. 《오늘의 채소 요리》로 즐겁게 오늘의 집밥을 해결해보자.
9791163719717	심영순 마스터의 건강한 밥상	이 책에서는 다음 세대를 위한 간소화된 우리 밥상 레시피를 전수하고자 합니다. 50년간의 노하우로 만들어낸 간단하지만 제대로 된 레시피를 두 딸과 함께 정리했습니다. 모든 맛의 시작인 육수 3종, 한 번 만들면 모든 요리에 사용할 수 있는 만능장, 채식 김치, 그리고 각종 반찬까지. 제대로 밥 짓는 방법부터 요리의 기본지식과 팁을 차근차근 담았습니다. 잘 지은 밥 한 공기에 방금 끓인 국 한 그릇, 자연스럽게 맛이 든 반찬으로 한식의 진짜 손맛을 느껴보세요. 작고 간단한 밥상이지만 정성으로 차리는 레시피. 이 책을 통해 한식 요리가 낯선 분들도, 맛있고 멋있는 한식 레시피를 배우고 즐길 수 있기를 바랍니다.
9791188471171	바이안의 심플 키토 테이블	세상에, 이 음식이 키토식이라고? 이 책에 소개된 요리를 하나하나 보다 보면 ‘어머, 이건 꼭 만들어 보고 싶다’, ‘이 음식도 키토식으로 가능하구나’라는 생각이 먼저 든다. 김치볶음밥을 비롯해 짜장, 짬뽕, 떡볶이는 어떤 종류의 다이어트를 해도 가장 생각나는 음식이다. 그런데 이런 음식마저 키토식으로 가능하다니. 게다가 맛은 어떤가? 순간 감탄사가 절로 나온다. ‘세상에, 이게 키토식이라니!’ 고추장부터 맛간장, 육수까지 꼭 필요한 한식 소스와 마요네즈, 렌치드레싱 등 양식 소스는 다양한 요리에 활용할 수 있다. 곤약밥이나 양배추로 한 그릇 밥을 만들고, 주키니나 천사채 당면, 면두부로는 잡채나 스파게티, 쫄면까지 좋아하는 면요리를 만들 수 있다. 볼로네제소스 하나면 키토식뿐 아니라 밥이나 빵, 스파게티를 좋아하는 탄수인 가족과도 함께 즐길 수 있다. 전기밥솥만 있다면 수육과 찜을 만들 수 있고, 소금과 에리스리톨, 애사비만 있다면 짧은 시간에 단무지를 만들어 키토 요리의 사이드로 곁들이기 좋다. 그 외에도 핫도그, 캐러멜, 스콘, 커피, 음료 등 우리 집을 카페로 만들 수도 있고, 술이 필요한 날에 치즈김샌드나 치즈튀일을 안주 삼아 우아하게 하이볼 한 잔 마시면서 키토식을 즐길 수 있다.  참을 수 없는 치팅의 유혹, 키라밸로 인도하다 치팅데이는 중요하다. 왜냐하면 그날만은 먹고 싶은 음식을 죄책감 없이 마음껏 먹을 수 있기 때문이다. 일명 탄수화물 대폭발의 날, 하지만 이게 얼마나 잘못된 치팅인지 깨닫게 되는 순간 사정은 달라진다. 작정하고 치팅을 하게 되면 다시 돌아오기까지 더 많은 스트레스로 내 몸에 벌을 주는 것과 같다. 이제 이런 징벌적 다이어트에서 벗어나 건강한 라이프 스타일, 키토-라이프 밸런스(Keto-Life Balance)를 선택하자. 예를 들어 짜장면이 먹고 싶을 때 중국집의 ‘기름’과 ‘설탕 듬뿍’을 생각하면 이내 포기하게 된다. 그럴 땐 올리브오일에 춘장을 볶고 돼지고기와 주키니호박, 양파만으로 더 맛있고 건강한 키토식 짜장면을 만들면 된다. 이 책에서는 어느 정도 감량 후 치팅데이를 따로 두지 않고도 먹고 싶은 음식으로 건강을 유지할 수 있도록 더티키토 코너를 꾸며보았다. 건강한 다이어트를 위해 평생 지속 가능한 식단을 원한다면 키라밸을 선택하기 바란다.
9791197022036	진주의 HAPPY 키토 한식	어렵고 생소한 서양식 저탄고지 요리는 가라! 일상적으로 먹던 한식에서 설탕(당분)과 탄수화물을 버리면 저탄고지 식단이 된다! 익숙한 한국식 밥상이 저탄고지(키토제닉) 식단으로 변신하는 요술 같은 비법으로  염증 OUT! 체중감량 OK! 건강 UP!  어렵고 생소한 서양식 저탄고지 요리는 가라! 일상적으로 먹던 한식에서 설탕(당분)과 탄수화물을 버리면 저탄고지 식단이 된다!  ‘저탄고지(키토제닉) 레시피’라고 하면 흔히들 생소한 서양식 요리를 생각하게 된다. 그런데 저탄고지 다이어트의 기본은 정제당과 탄수화물을 제한하면서, 신선한 채소와 영양가 높은 양질의 지방·단백질을 골고루 섭취하는 식단이다. 우리 조상들이 먹어 왔고, 지금도 우리가 먹고 있는 한식을 보라. 제철 채소를 활용한 다양한 나물 반찬에, 굽기보다는 삶거나 국으로 끓여내는 영양 풍부한 국물 요리가 기본이다. 유산균 가득한 김치와 잘 발효한 장류 등 위와 장에 좋은 음식들도 한식만의 빼놓을 수 없는 매력이다. 밥만 다른 것으로 대체할 수 있다면 한식은 그 자체로 훌륭한 저탄고지 식단이 된다.  저탄고지 다이어트를 시작하고 싶지만 요리 그 자체가 스트레스인 사람들, 가족을 위해 한식 밥상을 차리면서 저탄고지를 하고 싶은 주부들, 스테이크 위주의 서양식 요리가 입에 맞지 않아 저탄고지를 포기하고픈 사람들에게 우리가 즐겨먹던 한식 밥상 저탄고지 다이어트를 제안한다. 굳이 서양식이 아니어도 좋다. 《진주의 해피 키토 한식》은 단순히 육류 섭취량을 늘리는 것에 국한하지 않고, ‘탄수화물 대신 좋은 식재료를 골고루 섭취한다.’는 관점에서 한식을 저탄고지 레시피로 탄생시켰다. 국, 나물, 기본반찬, 볶음, 부침개, 탕에 이르기까지 진수성찬을 차려내기에 부족함이 없는 저탄고지 한식 레시피와 요리 초보자들을 위해 장보기부터 재료 손질, 조리하기, 한상 차림에 이르기까지 저자의 모든 노하우를 아낌없이 대방출했다.
9791186274606	일상이 포레스트	책읽는고양이의 ‘일상이 시리즈’ 첫 번째 책, 일상이 시리즈는 그 모토인 ‘원하는 삶을 지금 산다’에서 알 수 있듯, 꿈을 미루지 않는 삶, 내가 주인공이 되는 삶, 내가 추구하는 본질적인 삶을 매일매일 살아가는 이야기를 담는 에세이다.  이 책 《일상이 포레스트》는 살아 있는 이 순간과 공간, 내게 생명을 주는 먹거리는 물론 나를 둘러싼 모든 것의 가치를 일깨워 생활의 의미를 찾고 풍요롭게 이끈다. 우리의 꿈은 자칫 먼 미래에 머무르곤 한다. 그날을 위해 지금 이 순간은 마땅히 조연이 되어도 좋다고 생각하며 살아간다. 하지만 이 책은 ‘언젠가 멋지게’가 아닌 ‘지금부터 제대로’ 살기 위한 생활 속 작은 실천과 생각을 공유하며, 누구나의 마음 한 구석에 품어온 ‘리틀 포레스트’를 지금 머무는 이곳에서 펼쳐낼 수 있도록 엄두를 내게 만든다.  좋은 정보를 취하고, 나쁜 습관을 버리며 하나하나 바꾸다보니 어느새 미니멀리스트·플렉시테리언으로 살고 있다는 저자, 애초에 거창한 의도 따위는 없었다. 건강한 먹거리에 집착한 것도 아니고, 환경 문제를 염두에 두고 시작한 것도 아니다. 단지 제대로 된 먹거리와 본연의 맛, 본연의 모습, 본연의 삶을 추구하다보니 가장 심플하고도 이치에 맞으며 자연스러운 모습에 이르렀을 뿐이다. 내 몸이 살아나고, 지구가 건강해지는 것은 덤이자 순기능이었다.
9791190242462	무니키친의 저탄고지 다이어트 레시피	『무니키친의 저탄고지 다이어트 레시피』는 ‘다이어트식은 식단을 제한해서 금방 질린다’는 고정관념을 깨고 ‘간단하고 매일 맛있는 다이어트 요리’를 담았다. 420만 뷰 유튜버 무니키친의 레시피는 일상 요리를 저탄고지 다이어트 요리로 바꿔서 언제든지 먹고 싶은 음식을 만들어 먹을 수 있다. 영양 가득 곤약밥부터 무설탕 초코라떼까지 맛있으면서도 살 빠지는 80여 개의 키토식 요리로 도시락부터 카페 음료까지 홈쿡, 홈카페가 가능하다. 다이어터들이 쉽게 밑재료를 준비할 수 있도록 밑재료 손질과 자주 쓰는 재료 보관법을 정리하고 요리에 필요한 설명을 쉽게 찾을 수 있도록 요리별로 ‘찾아보기’를 구성했다. 저탄고지 식단에 필요한 지방에 대한 설명, 천연 감미료 활용에 대한 설명이 있어 내가 쓰는 재료가 어떤 효과가 있고 어떤 맛을 내는지 미리 알고 요리에 활용할 수 있다. 언제 어디서나 저탄수화물 고지방 다이어트를 시작할 수 있는 ‘환상의 레시피 식단표’가 들어 있고 레시피별로 키토식 노하우와 요리 비법을 찾아볼 수 있어 ‘잘 알고 먹는 저탄고지 다이어트식’을 시작할 수 있다.
9788927811152	오늘부터 채식 밥상	순수 채식 레시피로 차려낸 풍요로운 한 상! 생활 속 구하기 쉬운 채식 재료로 맛있고 건강한 비건 라이프 즐기기 싱그러운 푸성귀로 솜씨 좋게 차려낸 엄마의 밥상을 떠올린다. 향긋한 나물 반찬에 구수한 찌개, 뜨끈한 잡곡밥 한 그릇. 이토록 건강한 방식으로, 기분 좋게 배를 불리는 한 끼가 또 있을까. 〈오늘부터 채식 밥상〉은 우리네 어머니, 그 어머니의 어머니들이 만들어 온 전통 채식 요리법을 현대적으로 해석해 건강하고 맛있는 비건 생활을 제안한다. 궁중 음식 연구원을 수료하고 스위스 제네바 대표부 셰프를 거치며 다채로운 채식 요리의 세계를 경험한 요리 연구가 김현경은 밥, 국, 찌개와 고기 부럽지 않은 밑반찬, 근사하고 풍성한 손님 초대 요리, 직장인을 위한 채식 도시락, 그리고 채식 베이킹에 이르는 112가지 건강 레시피를 이 한 권에 담았다. 달걀, 육류, 생선을 포함하지 않은 순도 100%의 채식 재료를 활용, 손쉽게 따라할 수 있는 간편한 요리법으로 구성했음은 물론이다. 여기에 채소의 특징과 손질법을 정리한 ‘채소 백과사전’, 감칠맛을 더하는 ‘채식 요리의 기본양념’을 함께 소개해 보다 풍성한 채식 생활을 독려한다.
9788927811169	로푸드 레시피	『로푸드 레시피』는 식생활로 건강한 변화를 원하는 사람들을 위한 각종 로푸드 요리를 담은 로푸드 레시피북이다. ‘로푸드(Raw Food)’란 자연 재료에 열을 가하지 않고 만드는 요리를 말한다. 때문에 식재료가 간직한 우리 몸에 꼭 필요한 영양소, 소화를 돕는 효소가 파괴되지 않는다. 채소와 과일을 즙을 내 만드는 그린주스, 채소와 과일을 껍질까지 갈아 만드는 그린스무디, 생채소로 만드는 김밥, 파스타 등 메인 요리, 견과류와 생카카오를 활용한 디저트까지 다채롭다.  미국에서 로푸드 전문 과정을 수료한 후 약 10년간 로푸드를 연구한 로푸드 요리 연구가 전주리가 엄선한 75가지 레시피를 모았다. 맛있고, 보기에도 즐겁고, 건강하기까지 한 로푸드를 통해 생식은 맛이 없다는 편견을 깬다. 그간 잦은 외식을 했던 사람이라면 빠른 시간 안에 효과를 볼 것이고, 한 달 이상 지속하면 나아가 마음까지 건강해지는 경험을 하게 될 것이다. 혹여 로푸드로 인한 영양 불균형이나 부작용이 생길까 염려하는 독자를 위해 로푸드 라이프 실천 방법은 물론, 현재 자신의 식생활 레벨에 맞는 로푸드 식단도 소개한다.
9791197035234	맛있게 살 빠지는 고단백 저탄수화물 다이어트 레시피	30만 명이 선택한 최강 다이어터이며 베스트셀러 ‘고단백 저탄수화물 다이어트 레시피’ 시리즈 저자, 미니 박지우. 밍밍한 다이어트식에 지친 다이어터를 위해 속세음식 못지않게 맛이 폭발하는 다이어트 요리를 담은 『맛있게 살 빠지는 고단백 저탄수화물 다이어트 레시피』로 돌아왔다. 입맛 따라 취향 따라 골라 먹을 수 있는 101가지 레시피는 치팅데이가 따로 필요 없을 정도로 매 끼니가 치팅데이처럼 맛있다. 칼로리 폭탄이었던 배달음식과 외식메뉴를 감량 중에도 그 맛 그대로 먹으니 다이어트 스트레스 또한 적다. 먹고 싶은 걸 적당히 먹으며 하는 다이어트야말로 폭식·식탐·요요를 이기고 진짜 감량에 성공하는 방법임을 미니의 레시피로 확인할 수 있다.  미니표 레시피의 장점은 세 가지다. 첫째, 3일 만에 뱃살이 쏙 들어가고 누구나 감량에 성공하는 검증된 레시피라는 것. 미니는 22kg, 미니의 엄마는 17kg을 감량했고 수많은 사람들이 미니의 레시피로 다이어트에 성공해 후기가 잇따를 만큼 확실하게 살이 빠진다. 둘째, 다이어트 식단인지 모를 만큼 맛있다는 것. 치킨, 떡볶이는 물론이고 동남아음식, 디저트까지 맛이 폭발하는 속세 맛 요리가 매일매일 치팅데이처럼 맛있는 식사를 선물한다. 셋째, 조리법이 쉽고 간단하다는 것. 재료를 섞어서 가열하면 순식간에 완성되는 10분컷 초간단 레시피는 귀차니스트도, 요리 왕초보도 모두 만족할 만큼 쉽다. 팬 하나로 조리와 식사를 끝내는 원팬 요리, 초간단 전자레인지&에어프라이어 요리, 도시락, 밀프렙, 냉파 채소 요리, 간식까지, 실천 가능한 쉽고 친근하고 맛있는 레시피로 다이어트의 신세계를 맛볼 것이다.
9791189612658	기적의 ABC주스	죽어라 운동해도 빠지지 않는 살이 있다. 바로 내장 지방! 운동을 하는 것도 중요하지만 먹는 것을 바꿔야 내장 지방과 작별할 수 있다. 사과(Apple), 비트(Beet), 당근(Carrot)의 앞 글자를 딴 ABC주스는 하루 한 잔으로 내장 지방을 제거하고 각 재료에 있는 성분으로 항암, 항염증은 물론 심혈관 질환, 지방간, 치매, 관절염, 백내장 예방 등의 효과를 볼 수 있다. 채널A 〈나는 몸신이다〉에서는 4주 간 복용으로 내장 지방이 43%나 줄었다는 놀라운 결과를 보여주기도 했다.  ?기적의 ABC주스?는 내장 지방과 피하 지방 그리고 갈색 지방, 백색 지방 등 지방에 대한 쉬운 설명을 바탕으로 우리 몸에서의 지방의 효능, 지방을 똑똑하게 사용하는 법, 저탄고지 식단의 원리 등을 담았다. 이러한 지방, 특히 내장 지방을 제거하는 ABC주스의 재료별 효능 설명과 레시피뿐만 아니라 비트나 사과를 잘 먹지 못하는 사람을 위한 양배추를 첨가한 ACC주스, 바나나를 첨가한 BBC주스의 설명과 레시피를 최초로 공개하고 있다. 당뇨, 고혈압, 각종 위장 질환을 앓고 있는 사람을 위한 다양한 ABC주스 레시피 또한 수록되어 있어 건강과 내장 지방 감소라는 두 마리 토끼를 모두 잡을 수 있는 기회를 제공하고 있다.
